{
    "counter": {
        "ACTIVE": 6806,
        "INACTIVE": 2,
        "INVALID": 0,
        "MALICIOUS": 0,
        "SANE": 0,
        "VALID": 0,
        "total": 6808
    },
    "percentage": {
        "ACTIVE": 99.97062279670975,
        "INACTIVE": 0.06271558482282848,
        "INVALID": 0,
        "MALICIOUS": 0,
        "SANE": 0,
        "VALID": 0,
        "total": 100.03333838153257
    }
}