{
    "counter": {
        "ACTIVE": 8603,
        "INACTIVE": 1,
        "INVALID": 0,
        "MALICIOUS": 0,
        "SANE": 0,
        "VALID": 0,
        "total": 8604
    },
    "percentage": {
        "ACTIVE": 99.98837749883775,
        "INACTIVE": 0.02677376171352075,
        "INVALID": 0,
        "MALICIOUS": 0,
        "SANE": 0,
        "VALID": 0,
        "total": 100.01515126055126
    }
}