{
    "counter": {
        "ACTIVE": 6207,
        "INACTIVE": 1,
        "INVALID": 0,
        "MALICIOUS": 0,
        "SANE": 0,
        "VALID": 0,
        "total": 6208
    },
    "percentage": {
        "ACTIVE": 99.98389175257732,
        "INACTIVE": 0.017358097552508243,
        "INVALID": 0,
        "MALICIOUS": 0,
        "SANE": 0,
        "VALID": 0,
        "total": 100.00124985012982
    }
}