{
    "counter": {
        "ACTIVE": 2396,
        "INACTIVE": 1,
        "INVALID": 0,
        "MALICIOUS": 0,
        "SANE": 0,
        "VALID": 0,
        "total": 2397
    },
    "percentage": {
        "ACTIVE": 99.95828118481435,
        "INACTIVE": 0.04970178926441352,
        "INVALID": 0,
        "MALICIOUS": 0,
        "SANE": 0,
        "VALID": 0,
        "total": 100.00798297407877
    }
}