{
    "counter": {
        "ACTIVE": 8462,
        "INACTIVE": 2,
        "INVALID": 0,
        "MALICIOUS": 0,
        "SANE": 0,
        "VALID": 0,
        "total": 8464
    },
    "percentage": {
        "ACTIVE": 99.97637051039698,
        "INACTIVE": 0.0254841997961264,
        "INVALID": 0,
        "MALICIOUS": 0,
        "SANE": 0,
        "VALID": 0,
        "total": 100.0018547101931
    }
}