{
    "counter": {
        "ACTIVE": 8709,
        "INACTIVE": 1,
        "INVALID": 0,
        "MALICIOUS": 0,
        "SANE": 0,
        "VALID": 0,
        "total": 8710
    },
    "percentage": {
        "ACTIVE": 99.98851894374282,
        "INACTIVE": 0.013180440226703572,
        "INVALID": 0,
        "MALICIOUS": 0,
        "SANE": 0,
        "VALID": 0,
        "total": 100.00169938396952
    }
}