{
    "counter": {
        "ACTIVE": 8788,
        "INACTIVE": 1,
        "INVALID": 0,
        "MALICIOUS": 0,
        "SANE": 0,
        "VALID": 0,
        "total": 8789
    },
    "percentage": {
        "ACTIVE": 99.988622141313,
        "INACTIVE": 0.012973533990659055,
        "INVALID": 0,
        "MALICIOUS": 0,
        "SANE": 0,
        "VALID": 0,
        "total": 100.00159567530366
    }
}