{
    "counter": {
        "ACTIVE": 3421,
        "INACTIVE": 15,
        "INVALID": 0,
        "MALICIOUS": 0,
        "SANE": 0,
        "VALID": 0,
        "total": 3436
    },
    "percentage": {
        "ACTIVE": 99.56344586728754,
        "INACTIVE": 0.46282011724776306,
        "INVALID": 0,
        "MALICIOUS": 0,
        "SANE": 0,
        "VALID": 0,
        "total": 100.0262659845353
    }
}