{
    "counter": {
        "ACTIVE": 8857,
        "INACTIVE": 1,
        "INVALID": 0,
        "MALICIOUS": 0,
        "SANE": 0,
        "VALID": 0,
        "total": 8858
    },
    "percentage": {
        "ACTIVE": 99.98871076992549,
        "INACTIVE": 0.06447453255963895,
        "INVALID": 0,
        "MALICIOUS": 0,
        "SANE": 0,
        "VALID": 0,
        "total": 100.05318530248513
    }
}