{
    "counter": {
        "ACTIVE": 4769,
        "INACTIVE": 1,
        "INVALID": 0,
        "MALICIOUS": 0,
        "SANE": 0,
        "VALID": 0,
        "total": 4770
    },
    "percentage": {
        "ACTIVE": 99.979035639413,
        "INACTIVE": 0.03968253968253968,
        "INVALID": 0,
        "MALICIOUS": 0,
        "SANE": 0,
        "VALID": 0,
        "total": 100.01871817909554
    }
}