{
    "counter": {
        "ACTIVE": 7584,
        "INACTIVE": 26,
        "INVALID": 0,
        "MALICIOUS": 0,
        "SANE": 0,
        "VALID": 0,
        "total": 7610
    },
    "percentage": {
        "ACTIVE": 99.65834428383705,
        "INACTIVE": 0.36368722898307454,
        "INVALID": 0,
        "MALICIOUS": 0,
        "SANE": 0,
        "VALID": 0,
        "total": 100.02203151282012
    }
}