{
    "counter": {
        "ACTIVE": 8911,
        "INACTIVE": 2,
        "INVALID": 0,
        "MALICIOUS": 0,
        "SANE": 0,
        "VALID": 0,
        "total": 8913
    },
    "percentage": {
        "ACTIVE": 99.97756086615057,
        "INACTIVE": 0.02927400468384075,
        "INVALID": 0,
        "MALICIOUS": 0,
        "SANE": 0,
        "VALID": 0,
        "total": 100.00683487083441
    }
}