{
    "counter": {
        "ACTIVE": 7189,
        "INACTIVE": 1,
        "INVALID": 0,
        "MALICIOUS": 0,
        "SANE": 0,
        "VALID": 0,
        "total": 7190
    },
    "percentage": {
        "ACTIVE": 99.98609179415855,
        "INACTIVE": 0.027166530834012496,
        "INVALID": 0,
        "MALICIOUS": 0,
        "SANE": 0,
        "VALID": 0,
        "total": 100.01325832499256
    }
}