{
    "counter": {
        "ACTIVE": 4814,
        "INACTIVE": 1,
        "INVALID": 0,
        "MALICIOUS": 0,
        "SANE": 0,
        "VALID": 0,
        "total": 4815
    },
    "percentage": {
        "ACTIVE": 99.97923156801662,
        "INACTIVE": 0.06447453255963895,
        "INVALID": 0,
        "MALICIOUS": 0,
        "SANE": 0,
        "VALID": 0,
        "total": 100.04370610057626
    }
}