{
    "counter": {
        "ACTIVE": 7297,
        "INACTIVE": 2,
        "INVALID": 0,
        "MALICIOUS": 0,
        "SANE": 0,
        "VALID": 0,
        "total": 7299
    },
    "percentage": {
        "ACTIVE": 99.97259898616248,
        "INACTIVE": 0.05829204313611192,
        "INVALID": 0,
        "MALICIOUS": 0,
        "SANE": 0,
        "VALID": 0,
        "total": 100.03089102929859
    }
}