{
    "counter": {
        "ACTIVE": 6990,
        "INACTIVE": 1,
        "INVALID": 0,
        "MALICIOUS": 0,
        "SANE": 0,
        "VALID": 0,
        "total": 6991
    },
    "percentage": {
        "ACTIVE": 99.98569589472179,
        "INACTIVE": 0.03606202668589975,
        "INVALID": 0,
        "MALICIOUS": 0,
        "SANE": 0,
        "VALID": 0,
        "total": 100.02175792140768
    }
}