{
    "counter": {
        "ACTIVE": 7247,
        "INACTIVE": 1,
        "INVALID": 0,
        "MALICIOUS": 0,
        "SANE": 0,
        "VALID": 0,
        "total": 7248
    },
    "percentage": {
        "ACTIVE": 99.98620309050773,
        "INACTIVE": 0.027129679869777535,
        "INVALID": 0,
        "MALICIOUS": 0,
        "SANE": 0,
        "VALID": 0,
        "total": 100.0133327703775
    }
}