{
    "counter": {
        "ACTIVE": 6473,
        "INACTIVE": 2,
        "INVALID": 0,
        "MALICIOUS": 0,
        "SANE": 0,
        "VALID": 0,
        "total": 6475
    },
    "percentage": {
        "ACTIVE": 99.96911196911196,
        "INACTIVE": 0.09324009324009325,
        "INVALID": 0,
        "MALICIOUS": 0,
        "SANE": 0,
        "VALID": 0,
        "total": 100.06235206235206
    }
}