{
    "counter": {
        "ACTIVE": 9301,
        "INACTIVE": 5,
        "INVALID": 0,
        "MALICIOUS": 0,
        "SANE": 0,
        "VALID": 0,
        "total": 9306
    },
    "percentage": {
        "ACTIVE": 99.94627122286697,
        "INACTIVE": 0.06517205422314912,
        "INVALID": 0,
        "MALICIOUS": 0,
        "SANE": 0,
        "VALID": 0,
        "total": 100.01144327709012
    }
}