{
    "counter": {
        "ACTIVE": 7194,
        "INACTIVE": 1,
        "INVALID": 0,
        "MALICIOUS": 0,
        "SANE": 0,
        "VALID": 0,
        "total": 7195
    },
    "percentage": {
        "ACTIVE": 99.98610145934677,
        "INACTIVE": 0.0693000693000693,
        "INVALID": 0,
        "MALICIOUS": 0,
        "SANE": 0,
        "VALID": 0,
        "total": 100.05540152864684
    }
}