{
    "counter": {
        "ACTIVE": 8465,
        "INACTIVE": 1,
        "INVALID": 0,
        "MALICIOUS": 0,
        "SANE": 0,
        "VALID": 0,
        "total": 8466
    },
    "percentage": {
        "ACTIVE": 99.98818804630285,
        "INACTIVE": 0.012973533990659055,
        "INVALID": 0,
        "MALICIOUS": 0,
        "SANE": 0,
        "VALID": 0,
        "total": 100.00116158029351
    }
}