{
    "counter": {
        "ACTIVE": 6876,
        "INACTIVE": 1,
        "INVALID": 0,
        "MALICIOUS": 0,
        "SANE": 0,
        "VALID": 0,
        "total": 6877
    },
    "percentage": {
        "ACTIVE": 99.98545877562891,
        "INACTIVE": 0.0341646737273659,
        "INVALID": 0,
        "MALICIOUS": 0,
        "SANE": 0,
        "VALID": 0,
        "total": 100.01962344935627
    }
}