{
    "counter": {
        "ACTIVE": 4634,
        "INACTIVE": 1,
        "INVALID": 0,
        "MALICIOUS": 0,
        "SANE": 0,
        "VALID": 0,
        "total": 4635
    },
    "percentage": {
        "ACTIVE": 99.97842502696872,
        "INACTIVE": 0.04401408450704225,
        "INVALID": 0,
        "MALICIOUS": 0,
        "SANE": 0,
        "VALID": 0,
        "total": 100.02243911147576
    }
}