{
    "counter": {
        "ACTIVE": 9259,
        "INACTIVE": 1,
        "INVALID": 0,
        "MALICIOUS": 0,
        "SANE": 0,
        "VALID": 0,
        "total": 9260
    },
    "percentage": {
        "ACTIVE": 99.98920086393089,
        "INACTIVE": 0.02482005460412013,
        "INVALID": 0,
        "MALICIOUS": 0,
        "SANE": 0,
        "VALID": 0,
        "total": 100.01402091853501
    }
}