{
    "counter": {
        "ACTIVE": 9684,
        "INACTIVE": 1,
        "INVALID": 0,
        "MALICIOUS": 0,
        "SANE": 0,
        "VALID": 0,
        "total": 9685
    },
    "percentage": {
        "ACTIVE": 99.98967475477542,
        "INACTIVE": 0.04409171075837742,
        "INVALID": 0,
        "MALICIOUS": 0,
        "SANE": 0,
        "VALID": 0,
        "total": 100.0337664655338
    }
}