{
    "counter": {
        "ACTIVE": 6886,
        "INACTIVE": 1,
        "INVALID": 0,
        "MALICIOUS": 0,
        "SANE": 0,
        "VALID": 0,
        "total": 6887
    },
    "percentage": {
        "ACTIVE": 99.98547988964717,
        "INACTIVE": 0.02482005460412013,
        "INVALID": 0,
        "MALICIOUS": 0,
        "SANE": 0,
        "VALID": 0,
        "total": 100.01029994425129
    }
}