{
    "counter": {
        "ACTIVE": 1982,
        "INACTIVE": 2,
        "INVALID": 0,
        "MALICIOUS": 0,
        "SANE": 0,
        "VALID": 0,
        "total": 1984
    },
    "percentage": {
        "ACTIVE": 99.8991935483871,
        "INACTIVE": 0.18066847335140018,
        "INVALID": 0,
        "MALICIOUS": 0,
        "SANE": 0,
        "VALID": 0,
        "total": 100.0798620217385
    }
}