{
    "counter": {
        "ACTIVE": 3798,
        "INACTIVE": 1,
        "INVALID": 0,
        "MALICIOUS": 0,
        "SANE": 0,
        "VALID": 0,
        "total": 3799
    },
    "percentage": {
        "ACTIVE": 99.97367728349566,
        "INACTIVE": 0.027166530834012496,
        "INVALID": 0,
        "MALICIOUS": 0,
        "SANE": 0,
        "VALID": 0,
        "total": 100.00084381432967
    }
}