{
    "counter": {
        "ACTIVE": 10188,
        "INACTIVE": 2,
        "INVALID": 0,
        "MALICIOUS": 0,
        "SANE": 0,
        "VALID": 0,
        "total": 10190
    },
    "percentage": {
        "ACTIVE": 99.98037291462218,
        "INACTIVE": 0.02072538860103627,
        "INVALID": 0,
        "MALICIOUS": 0,
        "SANE": 0,
        "VALID": 0,
        "total": 100.00109830322322
    }
}