{
    "counter": {
        "ACTIVE": 9182,
        "INACTIVE": 2,
        "INVALID": 0,
        "MALICIOUS": 0,
        "SANE": 0,
        "VALID": 0,
        "total": 9184
    },
    "percentage": {
        "ACTIVE": 99.97822299651568,
        "INACTIVE": 0.035945363048166784,
        "INVALID": 0,
        "MALICIOUS": 0,
        "SANE": 0,
        "VALID": 0,
        "total": 100.01416835956385
    }
}