{
    "counter": {
        "ACTIVE": 8831,
        "INACTIVE": 1,
        "INVALID": 0,
        "MALICIOUS": 0,
        "SANE": 0,
        "VALID": 0,
        "total": 8832
    },
    "percentage": {
        "ACTIVE": 99.98867753623189,
        "INACTIVE": 0.02482005460412013,
        "INVALID": 0,
        "MALICIOUS": 0,
        "SANE": 0,
        "VALID": 0,
        "total": 100.01349759083601
    }
}