{
    "counter": {
        "ACTIVE": 9143,
        "INACTIVE": 1,
        "INVALID": 0,
        "MALICIOUS": 0,
        "SANE": 0,
        "VALID": 0,
        "total": 9144
    },
    "percentage": {
        "ACTIVE": 99.98906386701663,
        "INACTIVE": 0.04409171075837742,
        "INVALID": 0,
        "MALICIOUS": 0,
        "SANE": 0,
        "VALID": 0,
        "total": 100.033155577775
    }
}