{
    "counter": {
        "ACTIVE": 10294,
        "INACTIVE": 5,
        "INVALID": 0,
        "MALICIOUS": 0,
        "SANE": 0,
        "VALID": 0,
        "total": 10299
    },
    "percentage": {
        "ACTIVE": 99.95145159724245,
        "INACTIVE": 0.0498355427090601,
        "INVALID": 0,
        "MALICIOUS": 0,
        "SANE": 0,
        "VALID": 0,
        "total": 100.00128713995151
    }
}