{
    "counter": {
        "ACTIVE": 9036,
        "INACTIVE": 1,
        "INVALID": 0,
        "MALICIOUS": 0,
        "SANE": 0,
        "VALID": 0,
        "total": 9037
    },
    "percentage": {
        "ACTIVE": 99.9889343808786,
        "INACTIVE": 0.06447453255963895,
        "INVALID": 0,
        "MALICIOUS": 0,
        "SANE": 0,
        "VALID": 0,
        "total": 100.05340891343825
    }
}