{
    "counter": {
        "ACTIVE": 6488,
        "INACTIVE": 2801,
        "INVALID": 0,
        "MALICIOUS": 0,
        "SANE": 0,
        "VALID": 0,
        "total": 9289
    },
    "percentage": {
        "ACTIVE": 69.84605447303262,
        "INACTIVE": 30.238583612220662,
        "INVALID": 0,
        "MALICIOUS": 0,
        "SANE": 0,
        "VALID": 0,
        "total": 100.08463808525329
    }
}