{
    "counter": {
        "ACTIVE": 10503,
        "INACTIVE": 5,
        "INVALID": 0,
        "MALICIOUS": 0,
        "SANE": 0,
        "VALID": 0,
        "total": 10508
    },
    "percentage": {
        "ACTIVE": 99.95241720593833,
        "INACTIVE": 0.0498355427090601,
        "INVALID": 0,
        "MALICIOUS": 0,
        "SANE": 0,
        "VALID": 0,
        "total": 100.0022527486474
    }
}