{
    "counter": {
        "ACTIVE": 5965,
        "INACTIVE": 1,
        "INVALID": 0,
        "MALICIOUS": 0,
        "SANE": 0,
        "VALID": 0,
        "total": 5966
    },
    "percentage": {
        "ACTIVE": 99.9832383506537,
        "INACTIVE": 0.027166530834012496,
        "INVALID": 0,
        "MALICIOUS": 0,
        "SANE": 0,
        "VALID": 0,
        "total": 100.01040488148772
    }
}