{
    "counter": {
        "ACTIVE": 10329,
        "INACTIVE": 1,
        "INVALID": 0,
        "MALICIOUS": 0,
        "SANE": 0,
        "VALID": 0,
        "total": 10330
    },
    "percentage": {
        "ACTIVE": 99.99031945788964,
        "INACTIVE": 0.01575547502757208,
        "INVALID": 0,
        "MALICIOUS": 0,
        "SANE": 0,
        "VALID": 0,
        "total": 100.00607493291722
    }
}