{
    "counter": {
        "ACTIVE": 7899,
        "INACTIVE": 1,
        "INVALID": 0,
        "MALICIOUS": 0,
        "SANE": 0,
        "VALID": 0,
        "total": 7900
    },
    "percentage": {
        "ACTIVE": 99.9873417721519,
        "INACTIVE": 0.015477480266212661,
        "INVALID": 0,
        "MALICIOUS": 0,
        "SANE": 0,
        "VALID": 0,
        "total": 100.0028192524181
    }
}