{
    "counter": {
        "ACTIVE": 4816,
        "INACTIVE": 1,
        "INVALID": 0,
        "MALICIOUS": 0,
        "SANE": 0,
        "VALID": 0,
        "total": 4817
    },
    "percentage": {
        "ACTIVE": 99.97924019099024,
        "INACTIVE": 0.050100200400801605,
        "INVALID": 0,
        "MALICIOUS": 0,
        "SANE": 0,
        "VALID": 0,
        "total": 100.02934039139105
    }
}