{
    "counter": {
        "ACTIVE": 4954,
        "INACTIVE": 2,
        "INVALID": 0,
        "MALICIOUS": 0,
        "SANE": 0,
        "VALID": 0,
        "total": 4956
    },
    "percentage": {
        "ACTIVE": 99.95964487489911,
        "INACTIVE": 0.06271558482282848,
        "INVALID": 0,
        "MALICIOUS": 0,
        "SANE": 0,
        "VALID": 0,
        "total": 100.02236045972194
    }
}