{
    "counter": {
        "ACTIVE": 7701,
        "INACTIVE": 26,
        "INVALID": 0,
        "MALICIOUS": 0,
        "SANE": 0,
        "VALID": 0,
        "total": 7727
    },
    "percentage": {
        "ACTIVE": 99.66351753591303,
        "INACTIVE": 0.36368722898307454,
        "INVALID": 0,
        "MALICIOUS": 0,
        "SANE": 0,
        "VALID": 0,
        "total": 100.0272047648961
    }
}