{
    "counter": {
        "ACTIVE": 4732,
        "INACTIVE": 2,
        "INVALID": 0,
        "MALICIOUS": 0,
        "SANE": 0,
        "VALID": 0,
        "total": 4734
    },
    "percentage": {
        "ACTIVE": 99.95775242923531,
        "INACTIVE": 0.09324009324009325,
        "INVALID": 0,
        "MALICIOUS": 0,
        "SANE": 0,
        "VALID": 0,
        "total": 100.05099252247541
    }
}