{
    "counter": {
        "ACTIVE": 4856,
        "INACTIVE": 2,
        "INVALID": 0,
        "MALICIOUS": 0,
        "SANE": 0,
        "VALID": 0,
        "total": 4858
    },
    "percentage": {
        "ACTIVE": 99.95883079456567,
        "INACTIVE": 0.05829204313611192,
        "INVALID": 0,
        "MALICIOUS": 0,
        "SANE": 0,
        "VALID": 0,
        "total": 100.01712283770178
    }
}