{
    "counter": {
        "ACTIVE": 4970,
        "INACTIVE": 1,
        "INVALID": 0,
        "MALICIOUS": 0,
        "SANE": 0,
        "VALID": 0,
        "total": 4971
    },
    "percentage": {
        "ACTIVE": 99.97988332327499,
        "INACTIVE": 0.0693000693000693,
        "INVALID": 0,
        "MALICIOUS": 0,
        "SANE": 0,
        "VALID": 0,
        "total": 100.04918339257506
    }
}