{
    "counter": {
        "ACTIVE": 6990,
        "INACTIVE": 2,
        "INVALID": 0,
        "MALICIOUS": 0,
        "SANE": 0,
        "VALID": 0,
        "total": 6992
    },
    "percentage": {
        "ACTIVE": 99.97139588100687,
        "INACTIVE": 0.02927400468384075,
        "INVALID": 0,
        "MALICIOUS": 0,
        "SANE": 0,
        "VALID": 0,
        "total": 100.00066988569071
    }
}