{
    "counter": {
        "ACTIVE": 7891,
        "INACTIVE": 1,
        "INVALID": 0,
        "MALICIOUS": 0,
        "SANE": 0,
        "VALID": 0,
        "total": 7892
    },
    "percentage": {
        "ACTIVE": 99.98732894069944,
        "INACTIVE": 0.015477480266212661,
        "INVALID": 0,
        "MALICIOUS": 0,
        "SANE": 0,
        "VALID": 0,
        "total": 100.00280642096565
    }
}