{
    "counter": {
        "ACTIVE": 4919,
        "INACTIVE": 2,
        "INVALID": 0,
        "MALICIOUS": 0,
        "SANE": 0,
        "VALID": 0,
        "total": 4921
    },
    "percentage": {
        "ACTIVE": 99.95935785409469,
        "INACTIVE": 0.18066847335140018,
        "INVALID": 0,
        "MALICIOUS": 0,
        "SANE": 0,
        "VALID": 0,
        "total": 100.1400263274461
    }
}