{
    "counter": {
        "ACTIVE": 10409,
        "INACTIVE": 1,
        "INVALID": 0,
        "MALICIOUS": 0,
        "SANE": 0,
        "VALID": 0,
        "total": 10410
    },
    "percentage": {
        "ACTIVE": 99.99039385206532,
        "INACTIVE": 0.01575547502757208,
        "INVALID": 0,
        "MALICIOUS": 0,
        "SANE": 0,
        "VALID": 0,
        "total": 100.0061493270929
    }
}