{
    "counter": {
        "ACTIVE": 6676,
        "INACTIVE": 2,
        "INVALID": 0,
        "MALICIOUS": 0,
        "SANE": 0,
        "VALID": 0,
        "total": 6678
    },
    "percentage": {
        "ACTIVE": 99.97005091344714,
        "INACTIVE": 0.07510326699211416,
        "INVALID": 0,
        "MALICIOUS": 0,
        "SANE": 0,
        "VALID": 0,
        "total": 100.04515418043925
    }
}