{
    "counter": {
        "ACTIVE": 6599,
        "INACTIVE": 2,
        "INVALID": 0,
        "MALICIOUS": 0,
        "SANE": 0,
        "VALID": 0,
        "total": 6601
    },
    "percentage": {
        "ACTIVE": 99.96970156036964,
        "INACTIVE": 0.09066183136899365,
        "INVALID": 0,
        "MALICIOUS": 0,
        "SANE": 0,
        "VALID": 0,
        "total": 100.06036339173863
    }
}