{
    "counter": {
        "ACTIVE": 10131,
        "INACTIVE": 2,
        "INVALID": 0,
        "MALICIOUS": 0,
        "SANE": 0,
        "VALID": 0,
        "total": 10133
    },
    "percentage": {
        "ACTIVE": 99.98026250863515,
        "INACTIVE": 0.06271558482282848,
        "INVALID": 0,
        "MALICIOUS": 0,
        "SANE": 0,
        "VALID": 0,
        "total": 100.04297809345798
    }
}