{
    "counter": {
        "ACTIVE": 9064,
        "INACTIVE": 1,
        "INVALID": 0,
        "MALICIOUS": 0,
        "SANE": 0,
        "VALID": 0,
        "total": 9065
    },
    "percentage": {
        "ACTIVE": 99.98896856039713,
        "INACTIVE": 0.06447453255963895,
        "INVALID": 0,
        "MALICIOUS": 0,
        "SANE": 0,
        "VALID": 0,
        "total": 100.05344309295677
    }
}