{
    "counter": {
        "ACTIVE": 8824,
        "INACTIVE": 1,
        "INVALID": 0,
        "MALICIOUS": 0,
        "SANE": 0,
        "VALID": 0,
        "total": 8825
    },
    "percentage": {
        "ACTIVE": 99.98866855524079,
        "INACTIVE": 0.013180440226703572,
        "INVALID": 0,
        "MALICIOUS": 0,
        "SANE": 0,
        "VALID": 0,
        "total": 100.0018489954675
    }
}