{
    "counter": {
        "ACTIVE": 9055,
        "INACTIVE": 1,
        "INVALID": 0,
        "MALICIOUS": 0,
        "SANE": 0,
        "VALID": 0,
        "total": 9056
    },
    "percentage": {
        "ACTIVE": 99.98895759717314,
        "INACTIVE": 0.06447453255963895,
        "INVALID": 0,
        "MALICIOUS": 0,
        "SANE": 0,
        "VALID": 0,
        "total": 100.05343212973278
    }
}