{
    "counter": {
        "ACTIVE": 7975,
        "INACTIVE": 1,
        "INVALID": 0,
        "MALICIOUS": 0,
        "SANE": 0,
        "VALID": 0,
        "total": 7976
    },
    "percentage": {
        "ACTIVE": 99.98746238716149,
        "INACTIVE": 0.0755287009063444,
        "INVALID": 0,
        "MALICIOUS": 0,
        "SANE": 0,
        "VALID": 0,
        "total": 100.06299108806783
    }
}