{
    "counter": {
        "ACTIVE": 5061,
        "INACTIVE": 2,
        "INVALID": 0,
        "MALICIOUS": 0,
        "SANE": 0,
        "VALID": 0,
        "total": 5063
    },
    "percentage": {
        "ACTIVE": 99.9604977286194,
        "INACTIVE": 0.07510326699211416,
        "INVALID": 0,
        "MALICIOUS": 0,
        "SANE": 0,
        "VALID": 0,
        "total": 100.03560099561152
    }
}