{
    "counter": {
        "ACTIVE": 7611,
        "INACTIVE": 26,
        "INVALID": 0,
        "MALICIOUS": 0,
        "SANE": 0,
        "VALID": 0,
        "total": 7637
    },
    "percentage": {
        "ACTIVE": 99.65955218017547,
        "INACTIVE": 0.36368722898307454,
        "INVALID": 0,
        "MALICIOUS": 0,
        "SANE": 0,
        "VALID": 0,
        "total": 100.02323940915853
    }
}