{
    "counter": {
        "ACTIVE": 8546,
        "INACTIVE": 1,
        "INVALID": 0,
        "MALICIOUS": 0,
        "SANE": 0,
        "VALID": 0,
        "total": 8547
    },
    "percentage": {
        "ACTIVE": 99.98829998829999,
        "INACTIVE": 0.02677376171352075,
        "INVALID": 0,
        "MALICIOUS": 0,
        "SANE": 0,
        "VALID": 0,
        "total": 100.0150737500135
    }
}