{
    "counter": {
        "ACTIVE": 9065,
        "INACTIVE": 1,
        "INVALID": 0,
        "MALICIOUS": 0,
        "SANE": 0,
        "VALID": 0,
        "total": 9066
    },
    "percentage": {
        "ACTIVE": 99.9889697771895,
        "INACTIVE": 0.06447453255963895,
        "INVALID": 0,
        "MALICIOUS": 0,
        "SANE": 0,
        "VALID": 0,
        "total": 100.05344430974914
    }
}