{
    "counter": {
        "ACTIVE": 4501,
        "INACTIVE": 2075,
        "INVALID": 0,
        "MALICIOUS": 0,
        "SANE": 0,
        "VALID": 0,
        "total": 6576
    },
    "percentage": {
        "ACTIVE": 68.44586374695864,
        "INACTIVE": 31.60219311605239,
        "INVALID": 0,
        "MALICIOUS": 0,
        "SANE": 0,
        "VALID": 0,
        "total": 100.04805686301103
    }
}