{
    "counter": {
        "ACTIVE": 8170,
        "INACTIVE": 1,
        "INVALID": 0,
        "MALICIOUS": 0,
        "SANE": 0,
        "VALID": 0,
        "total": 8171
    },
    "percentage": {
        "ACTIVE": 99.98776159588789,
        "INACTIVE": 0.021677866897897247,
        "INVALID": 0,
        "MALICIOUS": 0,
        "SANE": 0,
        "VALID": 0,
        "total": 100.00943946278579
    }
}