{
    "counter": {
        "ACTIVE": 10492,
        "INACTIVE": 5,
        "INVALID": 0,
        "MALICIOUS": 0,
        "SANE": 0,
        "VALID": 0,
        "total": 10497
    },
    "percentage": {
        "ACTIVE": 99.9523673430504,
        "INACTIVE": 0.0498355427090601,
        "INVALID": 0,
        "MALICIOUS": 0,
        "SANE": 0,
        "VALID": 0,
        "total": 100.00220288575946
    }
}