{
    "counter": {
        "ACTIVE": 8818,
        "INACTIVE": 1,
        "INVALID": 0,
        "MALICIOUS": 0,
        "SANE": 0,
        "VALID": 0,
        "total": 8819
    },
    "percentage": {
        "ACTIVE": 99.9886608459009,
        "INACTIVE": 0.050100200400801605,
        "INVALID": 0,
        "MALICIOUS": 0,
        "SANE": 0,
        "VALID": 0,
        "total": 100.0387610463017
    }
}