{
    "counter": {
        "1API GmbH": 65,
        "AMEN / Agence des Médias Numériques": 10,
        "COM LAUDE (NOM IQ LIMITED)": 2,
        "Combell NV": 2,
        "EPAG Domainservices GmbH": 2,
        "FEELB": 1,
        "GANDI": 336,
        "GRANSY s.r.o.": 384,
        "GoDaddy.com LLC": 9,
        "Groupe PulseHeberg": 1,
        "Hosting Concepts B.V. d/b/a Openprovider": 87,
        "IONOS SE": 24,
        "InterNetX GmbH": 6,
        "KEY-SYSTEMS GmbH": 445,
        "Metaregistrar BV": 1,
        "NETIM": 2,
        "Name.com LLC": 12,
        "OVH": 12,
        "One.com A/S": 3,
        "PLANETHOSTER": 1,
        "Realtime Register B.V.": 10,
        "Registry Operations": 3,
        "SAS Ligne Web Services - LWS": 13,
        "SCALEWAY": 6,
        "SONEXO B.V": 1,
        "Sarek Oy": 2,
        "TLD Registrar Solutions Ltd": 10,
        "Uniregistrar Corp": 1,
        "total": 1451
    },
    "percentage": {
        "1API GmbH": 4.479669193659545,
        "AMEN / Agence des Médias Numériques": 0.6891798759476223,
        "COM LAUDE (NOM IQ LIMITED)": 0.13783597518952448,
        "Combell NV": 0.13783597518952448,
        "EPAG Domainservices GmbH": 0.13783597518952448,
        "FEELB": 0.06891798759476224,
        "GANDI": 23.15644383184011,
        "GRANSY s.r.o.": 26.464507236388698,
        "GoDaddy.com LLC": 0.6202618883528601,
        "Groupe PulseHeberg": 0.06891798759476224,
        "Hosting Concepts B.V. d/b/a Openprovider": 5.995864920744315,
        "IONOS SE": 1.6540317022742936,
        "InterNetX GmbH": 0.4135079255685734,
        "KEY-SYSTEMS GmbH": 30.668504479669192,
        "Metaregistrar BV": 0.06891798759476224,
        "NETIM": 0.13783597518952448,
        "Name.com LLC": 0.8270158511371468,
        "OVH": 0.8270158511371468,
        "One.com A/S": 0.2067539627842867,
        "PLANETHOSTER": 0.06891798759476224,
        "Realtime Register B.V.": 0.6891798759476223,
        "Registry Operations": 0.2067539627842867,
        "SAS Ligne Web Services - LWS": 0.895933838731909,
        "SCALEWAY": 0.4135079255685734,
        "SONEXO B.V": 0.06891798759476224,
        "Sarek Oy": 0.13783597518952448,
        "TLD Registrar Solutions Ltd": 0.6891798759476223,
        "Uniregistrar Corp": 0.06891798759476224,
        "total": 99.99999999999996
    }
}