{
    "counter": {
        "1API GmbH": 2,
        "AMEN / Agence des Médias Numériques": 4,
        "GANDI": 2,
        "GRANSY s.r.o.": 5,
        "Groupe PulseHeberg": 1,
        "Hosting Concepts B.V. d/b/a Openprovider": 12,
        "IONOS SE": 2,
        "Infomaniak Network SA": 4,
        "InterNetX GmbH": 1,
        "KEY-SYSTEMS GmbH": 90,
        "Metaregistrar BV": 1,
        "OVH": 10,
        "One.com A/S": 1,
        "Realtime Register B.V.": 10,
        "SAS Ligne Web Services - LWS": 2,
        "Sarek Oy": 3,
        "TLD Registrar Solutions Ltd": 4,
        "total": 154
    },
    "percentage": {
        "1API GmbH": 1.2987012987012987,
        "AMEN / Agence des Médias Numériques": 2.5974025974025974,
        "GANDI": 1.2987012987012987,
        "GRANSY s.r.o.": 3.2467532467532467,
        "Groupe PulseHeberg": 0.6493506493506493,
        "Hosting Concepts B.V. d/b/a Openprovider": 7.792207792207792,
        "IONOS SE": 1.2987012987012987,
        "Infomaniak Network SA": 2.5974025974025974,
        "InterNetX GmbH": 0.6493506493506493,
        "KEY-SYSTEMS GmbH": 58.44155844155844,
        "Metaregistrar BV": 0.6493506493506493,
        "OVH": 6.4935064935064934,
        "One.com A/S": 0.6493506493506493,
        "Realtime Register B.V.": 6.4935064935064934,
        "SAS Ligne Web Services - LWS": 1.2987012987012987,
        "Sarek Oy": 1.948051948051948,
        "TLD Registrar Solutions Ltd": 2.5974025974025974,
        "total": 100.0
    }
}