{
    "counter": {
        "1API GmbH": 3,
        "AMEN / Agence des Médias Numériques": 1,
        "EPAG Domainservices GmbH": 1,
        "EURODNS S.A.": 1,
        "GRANSY s.r.o.": 4,
        "Hosting Concepts B.V. d/b/a Openprovider": 3,
        "IONOS SE": 14,
        "KEY-SYSTEMS GmbH": 95,
        "NETIM": 2,
        "OVH": 11,
        "One.com A/S": 4,
        "PLANETHOSTER": 1,
        "Realtime Register B.V.": 13,
        "SAS Ligne Web Services - LWS": 19,
        "SCALEWAY": 5,
        "TLD Registrar Solutions Ltd": 4,
        "Vautron Rechenzentrum AG": 1,
        "total": 182
    },
    "percentage": {
        "1API GmbH": 1.6483516483516483,
        "AMEN / Agence des Médias Numériques": 0.5494505494505495,
        "EPAG Domainservices GmbH": 0.5494505494505495,
        "EURODNS S.A.": 0.5494505494505495,
        "GRANSY s.r.o.": 2.197802197802198,
        "Hosting Concepts B.V. d/b/a Openprovider": 1.6483516483516483,
        "IONOS SE": 7.6923076923076925,
        "KEY-SYSTEMS GmbH": 52.1978021978022,
        "NETIM": 1.098901098901099,
        "OVH": 6.043956043956044,
        "One.com A/S": 2.197802197802198,
        "PLANETHOSTER": 0.5494505494505495,
        "Realtime Register B.V.": 7.142857142857143,
        "SAS Ligne Web Services - LWS": 10.43956043956044,
        "SCALEWAY": 2.7472527472527473,
        "TLD Registrar Solutions Ltd": 2.197802197802198,
        "Vautron Rechenzentrum AG": 0.5494505494505495,
        "total": 100.00000000000001
    }
}