{
    "counter": {
        "AMEN / Agence des Médias Numériques": 1,
        "KEY-SYSTEMS GmbH": 9,
        "Name.com LLC": 1,
        "OVH": 1,
        "SONEXO B.V": 1,
        "total": 13
    },
    "percentage": {
        "AMEN / Agence des Médias Numériques": 7.6923076923076925,
        "KEY-SYSTEMS GmbH": 69.23076923076923,
        "Name.com LLC": 7.6923076923076925,
        "OVH": 7.6923076923076925,
        "SONEXO B.V": 7.6923076923076925,
        "total": 100.0
    }
}