{
    "counter": {
        "1API GmbH": 1,
        "AMEN / Agence des Médias Numériques": 1,
        "EURODNS S.A.": 1,
        "GRANSY s.r.o.": 4,
        "Hosting Concepts B.V. d/b/a Openprovider": 4,
        "IONOS SE": 9,
        "KEY-SYSTEMS GmbH": 60,
        "NETIM": 2,
        "OVH": 13,
        "One.com A/S": 4,
        "Realtime Register B.V.": 10,
        "SAS Ligne Web Services - LWS": 4,
        "SCALEWAY": 2,
        "TLD Registrar Solutions Ltd": 7,
        "Vautron Rechenzentrum AG": 1,
        "total": 123
    },
    "percentage": {
        "1API GmbH": 0.8130081300813008,
        "AMEN / Agence des Médias Numériques": 0.8130081300813008,
        "EURODNS S.A.": 0.8130081300813008,
        "GRANSY s.r.o.": 3.252032520325203,
        "Hosting Concepts B.V. d/b/a Openprovider": 3.252032520325203,
        "IONOS SE": 7.317073170731708,
        "KEY-SYSTEMS GmbH": 48.78048780487805,
        "NETIM": 1.6260162601626016,
        "OVH": 10.56910569105691,
        "One.com A/S": 3.252032520325203,
        "Realtime Register B.V.": 8.130081300813009,
        "SAS Ligne Web Services - LWS": 3.252032520325203,
        "SCALEWAY": 1.6260162601626016,
        "TLD Registrar Solutions Ltd": 5.691056910569106,
        "Vautron Rechenzentrum AG": 0.8130081300813008,
        "total": 99.99999999999999
    }
}