{
    "counter": {
        "1API GmbH": 43,
        "AMEN / Agence des Médias Numériques": 5,
        "EPAG Domainservices GmbH": 1,
        "GANDI": 332,
        "GRANSY s.r.o.": 378,
        "GoDaddy.com LLC": 9,
        "Hosting Concepts B.V. d/b/a Openprovider": 68,
        "IONOS SE": 12,
        "InterNetX GmbH": 1,
        "KEY-SYSTEMS GmbH": 255,
        "Metaregistrar BV": 1,
        "NETIM": 1,
        "Name.com LLC": 3,
        "OVH": 6,
        "One.com A/S": 1,
        "PLANETHOSTER": 1,
        "Realtime Register B.V.": 3,
        "SAS Ligne Web Services - LWS": 7,
        "SCALEWAY": 2,
        "SONEXO B.V": 1,
        "Sarek Oy": 2,
        "TLD Registrar Solutions Ltd": 7,
        "total": 1139
    },
    "percentage": {
        "1API GmbH": 3.775241439859526,
        "AMEN / Agence des Médias Numériques": 0.43898156277436345,
        "EPAG Domainservices GmbH": 0.08779631255487269,
        "GANDI": 29.148375768217736,
        "GRANSY s.r.o.": 33.187006145741876,
        "GoDaddy.com LLC": 0.7901668129938543,
        "Hosting Concepts B.V. d/b/a Openprovider": 5.970149253731344,
        "IONOS SE": 1.0535557506584723,
        "InterNetX GmbH": 0.08779631255487269,
        "KEY-SYSTEMS GmbH": 22.388059701492537,
        "Metaregistrar BV": 0.08779631255487269,
        "NETIM": 0.08779631255487269,
        "Name.com LLC": 0.2633889376646181,
        "OVH": 0.5267778753292361,
        "One.com A/S": 0.08779631255487269,
        "PLANETHOSTER": 0.08779631255487269,
        "Realtime Register B.V.": 0.2633889376646181,
        "SAS Ligne Web Services - LWS": 0.6145741878841089,
        "SCALEWAY": 0.17559262510974538,
        "SONEXO B.V": 0.08779631255487269,
        "Sarek Oy": 0.17559262510974538,
        "TLD Registrar Solutions Ltd": 0.6145741878841089,
        "total": 99.99999999999997
    }
}