{
    "counter": {
        "1API GmbH": 1,
        "AMEN / Agence des Médias Numériques": 3,
        "Combell NV": 1,
        "GRANSY s.r.o.": 2,
        "IONOS SE": 2,
        "KEY-SYSTEMS GmbH": 48,
        "Realtime Register B.V.": 5,
        "SAS Ligne Web Services - LWS": 9,
        "total": 71
    },
    "percentage": {
        "1API GmbH": 1.408450704225352,
        "AMEN / Agence des Médias Numériques": 4.225352112676056,
        "Combell NV": 1.408450704225352,
        "GRANSY s.r.o.": 2.816901408450704,
        "IONOS SE": 2.816901408450704,
        "KEY-SYSTEMS GmbH": 67.6056338028169,
        "Realtime Register B.V.": 7.042253521126761,
        "SAS Ligne Web Services - LWS": 12.67605633802817,
        "total": 100.0
    }
}