{
    "counter": {
        "1API GmbH": 1,
        "AMEN / Agence des Médias Numériques": 3,
        "Combell NV": 1,
        "EPAG Domainservices GmbH": 2,
        "GANDI": 1,
        "GRANSY s.r.o.": 3,
        "Hosting Concepts B.V. d/b/a Openprovider": 1,
        "IONOS SE": 2,
        "InterNetX GmbH": 3,
        "KEY-SYSTEMS GmbH": 40,
        "OVH": 3,
        "PDR Ltd. d/b/a PublicDomainRegistry.com": 1,
        "Realtime Register B.V.": 7,
        "SAS Ligne Web Services - LWS": 1,
        "SCALEWAY": 1,
        "Sarek Oy": 1,
        "TLD Registrar Solutions Ltd": 1,
        "total": 72
    },
    "percentage": {
        "1API GmbH": 1.3888888888888888,
        "AMEN / Agence des Médias Numériques": 4.166666666666667,
        "Combell NV": 1.3888888888888888,
        "EPAG Domainservices GmbH": 2.7777777777777777,
        "GANDI": 1.3888888888888888,
        "GRANSY s.r.o.": 4.166666666666667,
        "Hosting Concepts B.V. d/b/a Openprovider": 1.3888888888888888,
        "IONOS SE": 2.7777777777777777,
        "InterNetX GmbH": 4.166666666666667,
        "KEY-SYSTEMS GmbH": 55.55555555555556,
        "OVH": 4.166666666666667,
        "PDR Ltd. d/b/a PublicDomainRegistry.com": 1.3888888888888888,
        "Realtime Register B.V.": 9.722222222222221,
        "SAS Ligne Web Services - LWS": 1.3888888888888888,
        "SCALEWAY": 1.3888888888888888,
        "Sarek Oy": 1.3888888888888888,
        "TLD Registrar Solutions Ltd": 1.3888888888888888,
        "total": 100.0
    }
}