{
    "counter": {
        "1API GmbH": 5,
        "AMEN / Agence des Médias Numériques": 8,
        "FRENCH CONNEXION": 1,
        "GANDI": 2,
        "GRANSY s.r.o.": 6,
        "Groupe PulseHeberg": 1,
        "Hosting Concepts B.V. d/b/a Openprovider": 14,
        "INWX GmbH": 1,
        "IONOS SE": 5,
        "Infomaniak Network SA": 4,
        "InterNetX GmbH": 1,
        "KEY-SYSTEMS GmbH": 140,
        "Metaregistrar BV": 1,
        "Name.com LLC": 2,
        "OVH": 10,
        "One.com A/S": 1,
        "Realtime Register B.V.": 14,
        "SAS Ligne Web Services - LWS": 3,
        "Sarek Oy": 3,
        "TLD Registrar Solutions Ltd": 6,
        "total": 228
    },
    "percentage": {
        "1API GmbH": 2.192982456140351,
        "AMEN / Agence des Médias Numériques": 3.508771929824561,
        "FRENCH CONNEXION": 0.43859649122807015,
        "GANDI": 0.8771929824561403,
        "GRANSY s.r.o.": 2.6315789473684212,
        "Groupe PulseHeberg": 0.43859649122807015,
        "Hosting Concepts B.V. d/b/a Openprovider": 6.140350877192983,
        "INWX GmbH": 0.43859649122807015,
        "IONOS SE": 2.192982456140351,
        "Infomaniak Network SA": 1.7543859649122806,
        "InterNetX GmbH": 0.43859649122807015,
        "KEY-SYSTEMS GmbH": 61.40350877192982,
        "Metaregistrar BV": 0.43859649122807015,
        "Name.com LLC": 0.8771929824561403,
        "OVH": 4.385964912280702,
        "One.com A/S": 0.43859649122807015,
        "Realtime Register B.V.": 6.140350877192983,
        "SAS Ligne Web Services - LWS": 1.3157894736842106,
        "Sarek Oy": 1.3157894736842106,
        "TLD Registrar Solutions Ltd": 2.6315789473684212,
        "total": 99.99999999999997
    }
}