{
    "counter": {
        "1API GmbH": 2,
        "AMEN / Agence des Médias Numériques": 6,
        "EPAG Domainservices GmbH": 3,
        "GRANSY s.r.o.": 5,
        "Hosting Concepts B.V. d/b/a Openprovider": 3,
        "IONOS SE": 5,
        "KEY-SYSTEMS GmbH": 95,
        "Metaregistrar BV": 1,
        "Name.com LLC": 1,
        "OVH": 17,
        "One.com A/S": 1,
        "Realtime Register B.V.": 5,
        "SAS Ligne Web Services - LWS": 25,
        "SCALEWAY": 1,
        "Sarek Oy": 1,
        "TLD Registrar Solutions Ltd": 9,
        "total": 180
    },
    "percentage": {
        "1API GmbH": 1.1111111111111112,
        "AMEN / Agence des Médias Numériques": 3.3333333333333335,
        "EPAG Domainservices GmbH": 1.6666666666666667,
        "GRANSY s.r.o.": 2.7777777777777777,
        "Hosting Concepts B.V. d/b/a Openprovider": 1.6666666666666667,
        "IONOS SE": 2.7777777777777777,
        "KEY-SYSTEMS GmbH": 52.77777777777778,
        "Metaregistrar BV": 0.5555555555555556,
        "Name.com LLC": 0.5555555555555556,
        "OVH": 9.444444444444445,
        "One.com A/S": 0.5555555555555556,
        "Realtime Register B.V.": 2.7777777777777777,
        "SAS Ligne Web Services - LWS": 13.88888888888889,
        "SCALEWAY": 0.5555555555555556,
        "Sarek Oy": 0.5555555555555556,
        "TLD Registrar Solutions Ltd": 5.0,
        "total": 100.0
    }
}