{
    "counter": {
        "1API GmbH": 1,
        "AMEN / Agence des Médias Numériques": 1,
        "EURODNS S.A.": 1,
        "GANDI": 2,
        "GRANSY s.r.o.": 3,
        "Hosting Concepts B.V. d/b/a Openprovider": 6,
        "IONOS SE": 2,
        "KEY-SYSTEMS GmbH": 32,
        "Name.com LLC": 1,
        "OVH": 2,
        "PDR Ltd. d/b/a PublicDomainRegistry.com": 6,
        "Realtime Register B.V.": 5,
        "SCALEWAY": 1,
        "TLD Registrar Solutions Ltd": 4,
        "total": 67
    },
    "percentage": {
        "1API GmbH": 1.492537313432836,
        "AMEN / Agence des Médias Numériques": 1.492537313432836,
        "EURODNS S.A.": 1.492537313432836,
        "GANDI": 2.985074626865672,
        "GRANSY s.r.o.": 4.477611940298507,
        "Hosting Concepts B.V. d/b/a Openprovider": 8.955223880597014,
        "IONOS SE": 2.985074626865672,
        "KEY-SYSTEMS GmbH": 47.76119402985075,
        "Name.com LLC": 1.492537313432836,
        "OVH": 2.985074626865672,
        "PDR Ltd. d/b/a PublicDomainRegistry.com": 8.955223880597014,
        "Realtime Register B.V.": 7.462686567164179,
        "SCALEWAY": 1.492537313432836,
        "TLD Registrar Solutions Ltd": 5.970149253731344,
        "total": 100.00000000000001
    }
}