{
    "counter": {
        "1API GmbH": 1,
        "AMEN / Agence des Médias Numériques": 1,
        "EURODNS S.A.": 1,
        "GRANSY s.r.o.": 3,
        "Hosting Concepts B.V. d/b/a Openprovider": 2,
        "IONOS SE": 6,
        "KEY-SYSTEMS GmbH": 37,
        "NETIM": 2,
        "OVH": 6,
        "One.com A/S": 2,
        "Realtime Register B.V.": 4,
        "SAS Ligne Web Services - LWS": 3,
        "SCALEWAY": 1,
        "TLD Registrar Solutions Ltd": 4,
        "Vautron Rechenzentrum AG": 1,
        "total": 74
    },
    "percentage": {
        "1API GmbH": 1.3513513513513513,
        "AMEN / Agence des Médias Numériques": 1.3513513513513513,
        "EURODNS S.A.": 1.3513513513513513,
        "GRANSY s.r.o.": 4.054054054054054,
        "Hosting Concepts B.V. d/b/a Openprovider": 2.7027027027027026,
        "IONOS SE": 8.108108108108109,
        "KEY-SYSTEMS GmbH": 50.0,
        "NETIM": 2.7027027027027026,
        "OVH": 8.108108108108109,
        "One.com A/S": 2.7027027027027026,
        "Realtime Register B.V.": 5.405405405405405,
        "SAS Ligne Web Services - LWS": 4.054054054054054,
        "SCALEWAY": 1.3513513513513513,
        "TLD Registrar Solutions Ltd": 5.405405405405405,
        "Vautron Rechenzentrum AG": 1.3513513513513513,
        "total": 100.00000000000001
    }
}