{
    "counter": {
        "1API GmbH": 4,
        "AMEN / Agence des Médias Numériques": 8,
        "FRENCH CONNEXION": 1,
        "GANDI": 2,
        "GRANSY s.r.o.": 6,
        "Groupe PulseHeberg": 1,
        "Hosting Concepts B.V. d/b/a Openprovider": 14,
        "INWX GmbH": 1,
        "IONOS SE": 5,
        "Infomaniak Network SA": 4,
        "InterNetX GmbH": 1,
        "KEY-SYSTEMS GmbH": 138,
        "Metaregistrar BV": 1,
        "OVH": 10,
        "One.com A/S": 1,
        "Realtime Register B.V.": 13,
        "SAS Ligne Web Services - LWS": 3,
        "Sarek Oy": 3,
        "TLD Registrar Solutions Ltd": 6,
        "total": 222
    },
    "percentage": {
        "1API GmbH": 1.8018018018018018,
        "AMEN / Agence des Médias Numériques": 3.6036036036036037,
        "FRENCH CONNEXION": 0.45045045045045046,
        "GANDI": 0.9009009009009009,
        "GRANSY s.r.o.": 2.7027027027027026,
        "Groupe PulseHeberg": 0.45045045045045046,
        "Hosting Concepts B.V. d/b/a Openprovider": 6.306306306306307,
        "INWX GmbH": 0.45045045045045046,
        "IONOS SE": 2.2522522522522523,
        "Infomaniak Network SA": 1.8018018018018018,
        "InterNetX GmbH": 0.45045045045045046,
        "KEY-SYSTEMS GmbH": 62.16216216216216,
        "Metaregistrar BV": 0.45045045045045046,
        "OVH": 4.504504504504505,
        "One.com A/S": 0.45045045045045046,
        "Realtime Register B.V.": 5.8558558558558556,
        "SAS Ligne Web Services - LWS": 1.3513513513513513,
        "Sarek Oy": 1.3513513513513513,
        "TLD Registrar Solutions Ltd": 2.7027027027027026,
        "total": 100.0
    }
}