{
    "counter": {
        "1API GmbH": 5,
        "AMEN / Agence des Médias Numériques": 8,
        "FRENCH CONNEXION": 1,
        "GANDI": 2,
        "GRANSY s.r.o.": 6,
        "Groupe PulseHeberg": 1,
        "Hosting Concepts B.V. d/b/a Openprovider": 14,
        "INWX GmbH": 1,
        "IONOS SE": 5,
        "Infomaniak Network SA": 4,
        "InterNetX GmbH": 1,
        "KEY-SYSTEMS GmbH": 140,
        "Metaregistrar BV": 1,
        "Name.com LLC": 1,
        "OVH": 10,
        "One.com A/S": 1,
        "Realtime Register B.V.": 13,
        "SAS Ligne Web Services - LWS": 3,
        "Sarek Oy": 3,
        "TLD Registrar Solutions Ltd": 6,
        "total": 226
    },
    "percentage": {
        "1API GmbH": 2.2123893805309733,
        "AMEN / Agence des Médias Numériques": 3.5398230088495577,
        "FRENCH CONNEXION": 0.4424778761061947,
        "GANDI": 0.8849557522123894,
        "GRANSY s.r.o.": 2.6548672566371683,
        "Groupe PulseHeberg": 0.4424778761061947,
        "Hosting Concepts B.V. d/b/a Openprovider": 6.1946902654867255,
        "INWX GmbH": 0.4424778761061947,
        "IONOS SE": 2.2123893805309733,
        "Infomaniak Network SA": 1.7699115044247788,
        "InterNetX GmbH": 0.4424778761061947,
        "KEY-SYSTEMS GmbH": 61.94690265486726,
        "Metaregistrar BV": 0.4424778761061947,
        "Name.com LLC": 0.4424778761061947,
        "OVH": 4.424778761061947,
        "One.com A/S": 0.4424778761061947,
        "Realtime Register B.V.": 5.752212389380531,
        "SAS Ligne Web Services - LWS": 1.3274336283185841,
        "Sarek Oy": 1.3274336283185841,
        "TLD Registrar Solutions Ltd": 2.6548672566371683,
        "total": 100.00000000000001
    }
}