{
    "counter": {
        "Hosting Concepts B.V. d/b/a Openprovider": 28,
        "KEY-SYSTEMS GmbH": 25,
        "Name.com LLC": 1,
        "OVH": 1,
        "One.com A/S": 2,
        "Realtime Register B.V.": 7,
        "SAS Ligne Web Services - LWS": 2,
        "SONEXO B.V": 1,
        "Sarek Oy": 1,
        "total": 68
    },
    "percentage": {
        "Hosting Concepts B.V. d/b/a Openprovider": 41.1764705882353,
        "KEY-SYSTEMS GmbH": 36.76470588235294,
        "Name.com LLC": 1.4705882352941178,
        "OVH": 1.4705882352941178,
        "One.com A/S": 2.9411764705882355,
        "Realtime Register B.V.": 10.294117647058824,
        "SAS Ligne Web Services - LWS": 2.9411764705882355,
        "SONEXO B.V": 1.4705882352941178,
        "Sarek Oy": 1.4705882352941178,
        "total": 99.99999999999999
    }
}