{
    "counter": {
        "1API GmbH": 1,
        "GRANSY s.r.o.": 4,
        "Hosting Concepts B.V. d/b/a Openprovider": 2,
        "IONOS SE": 5,
        "KEY-SYSTEMS GmbH": 55,
        "Metaregistrar BV": 1,
        "Name.com LLC": 1,
        "OVH": 5,
        "One.com A/S": 1,
        "Realtime Register B.V.": 2,
        "SAS Ligne Web Services - LWS": 31,
        "SCALEWAY": 4,
        "Sarek Oy": 1,
        "TLD Registrar Solutions Ltd": 5,
        "total": 118
    },
    "percentage": {
        "1API GmbH": 0.847457627118644,
        "GRANSY s.r.o.": 3.389830508474576,
        "Hosting Concepts B.V. d/b/a Openprovider": 1.694915254237288,
        "IONOS SE": 4.237288135593221,
        "KEY-SYSTEMS GmbH": 46.610169491525426,
        "Metaregistrar BV": 0.847457627118644,
        "Name.com LLC": 0.847457627118644,
        "OVH": 4.237288135593221,
        "One.com A/S": 0.847457627118644,
        "Realtime Register B.V.": 1.694915254237288,
        "SAS Ligne Web Services - LWS": 26.271186440677965,
        "SCALEWAY": 3.389830508474576,
        "Sarek Oy": 0.847457627118644,
        "TLD Registrar Solutions Ltd": 4.237288135593221,
        "total": 100.0
    }
}