{
    "counter": {
        "1API GmbH": 1,
        "Hosting Concepts B.V. d/b/a Openprovider": 2,
        "IONOS SE": 2,
        "KEY-SYSTEMS GmbH": 13,
        "OVH": 2,
        "Realtime Register B.V.": 3,
        "Vautron Rechenzentrum AG": 1,
        "total": 24
    },
    "percentage": {
        "1API GmbH": 4.166666666666667,
        "Hosting Concepts B.V. d/b/a Openprovider": 8.333333333333334,
        "IONOS SE": 8.333333333333334,
        "KEY-SYSTEMS GmbH": 54.166666666666664,
        "OVH": 8.333333333333334,
        "Realtime Register B.V.": 12.5,
        "Vautron Rechenzentrum AG": 4.166666666666667,
        "total": 100.0
    }
}