{
    "counter": {
        "AMEN / Agence des Médias Numériques": 2,
        "GRANSY s.r.o.": 1,
        "Hosting Concepts B.V. d/b/a Openprovider": 2,
        "InterNetX GmbH": 1,
        "KEY-SYSTEMS GmbH": 6,
        "OVH": 3,
        "Realtime Register B.V.": 1,
        "SAS Ligne Web Services - LWS": 2,
        "VIADUC": 1,
        "total": 19
    },
    "percentage": {
        "AMEN / Agence des Médias Numériques": 10.526315789473685,
        "GRANSY s.r.o.": 5.2631578947368425,
        "Hosting Concepts B.V. d/b/a Openprovider": 10.526315789473685,
        "InterNetX GmbH": 5.2631578947368425,
        "KEY-SYSTEMS GmbH": 31.57894736842105,
        "OVH": 15.789473684210526,
        "Realtime Register B.V.": 5.2631578947368425,
        "SAS Ligne Web Services - LWS": 10.526315789473685,
        "VIADUC": 5.2631578947368425,
        "total": 100.0
    }
}