{
    "counter": {
        "AMEN / Agence des Médias Numériques": 2,
        "KEY-SYSTEMS GmbH": 9,
        "OVH": 3,
        "Realtime Register B.V.": 1,
        "SAS Ligne Web Services - LWS": 2,
        "VIADUC": 1,
        "total": 18
    },
    "percentage": {
        "AMEN / Agence des Médias Numériques": 11.11111111111111,
        "KEY-SYSTEMS GmbH": 50.0,
        "OVH": 16.666666666666668,
        "Realtime Register B.V.": 5.555555555555555,
        "SAS Ligne Web Services - LWS": 11.11111111111111,
        "VIADUC": 5.555555555555555,
        "total": 100.00000000000001
    }
}