{
    "counter": {
        "KEY-SYSTEMS GmbH": 2,
        "Name.com LLC": 1,
        "total": 3
    },
    "percentage": {
        "KEY-SYSTEMS GmbH": 66.66666666666667,
        "Name.com LLC": 33.333333333333336,
        "total": 100.0
    }
}