{
    "counter": {
        "1API GmbH": 2,
        "AMEN / Agence des Médias Numériques": 1,
        "EPAG Domainservices GmbH": 1,
        "FEELB": 1,
        "Hosting Concepts B.V. d/b/a Openprovider": 45,
        "INSTRA CORPORATION PTY LTD": 1,
        "IONOS SE": 2,
        "Infomaniak Network SA": 1,
        "KEY-SYSTEMS GmbH": 41,
        "Name.com LLC": 1,
        "OVH": 2,
        "One.com A/S": 3,
        "Realtime Register B.V.": 8,
        "SAS Ligne Web Services - LWS": 4,
        "SONEXO B.V": 1,
        "Sarek Oy": 2,
        "TLD Registrar Solutions Ltd": 1,
        "total": 117
    },
    "percentage": {
        "1API GmbH": 1.7094017094017093,
        "AMEN / Agence des Médias Numériques": 0.8547008547008547,
        "EPAG Domainservices GmbH": 0.8547008547008547,
        "FEELB": 0.8547008547008547,
        "Hosting Concepts B.V. d/b/a Openprovider": 38.46153846153846,
        "INSTRA CORPORATION PTY LTD": 0.8547008547008547,
        "IONOS SE": 1.7094017094017093,
        "Infomaniak Network SA": 0.8547008547008547,
        "KEY-SYSTEMS GmbH": 35.042735042735046,
        "Name.com LLC": 0.8547008547008547,
        "OVH": 1.7094017094017093,
        "One.com A/S": 2.5641025641025643,
        "Realtime Register B.V.": 6.837606837606837,
        "SAS Ligne Web Services - LWS": 3.4188034188034186,
        "SONEXO B.V": 0.8547008547008547,
        "Sarek Oy": 1.7094017094017093,
        "TLD Registrar Solutions Ltd": 0.8547008547008547,
        "total": 99.99999999999999
    }
}