{
    "counter": {
        "AMEN / Agence des Médias Numériques": 1,
        "IONOS SE": 2,
        "KEY-SYSTEMS GmbH": 12,
        "Name.com LLC": 1,
        "OVH": 1,
        "Realtime Register B.V.": 2,
        "SAS Ligne Web Services - LWS": 1,
        "TLD Registrar Solutions Ltd": 6,
        "total": 26
    },
    "percentage": {
        "AMEN / Agence des Médias Numériques": 3.8461538461538463,
        "IONOS SE": 7.6923076923076925,
        "KEY-SYSTEMS GmbH": 46.15384615384615,
        "Name.com LLC": 3.8461538461538463,
        "OVH": 3.8461538461538463,
        "Realtime Register B.V.": 7.6923076923076925,
        "SAS Ligne Web Services - LWS": 3.8461538461538463,
        "TLD Registrar Solutions Ltd": 23.076923076923077,
        "total": 100.0
    }
}