{
    "counter": {
        "Hosting Concepts B.V. d/b/a Openprovider": 3,
        "IONOS SE": 2,
        "Infomaniak Network SA": 1,
        "KEY-SYSTEMS GmbH": 6,
        "OVH": 1,
        "Realtime Register B.V.": 1,
        "total": 14
    },
    "percentage": {
        "Hosting Concepts B.V. d/b/a Openprovider": 21.428571428571427,
        "IONOS SE": 14.285714285714286,
        "Infomaniak Network SA": 7.142857142857143,
        "KEY-SYSTEMS GmbH": 42.857142857142854,
        "OVH": 7.142857142857143,
        "Realtime Register B.V.": 7.142857142857143,
        "total": 99.99999999999999
    }
}