{
    "counter": {
        "1API GmbH": 3,
        "ALGORITHMEDIA srl": 1,
        "AMEN / Agence des Médias Numériques": 4,
        "EPAG Domainservices GmbH": 1,
        "GANDI": 11,
        "GRANSY s.r.o.": 18,
        "Hosting Concepts B.V. d/b/a Openprovider": 6,
        "IKOULA NET": 1,
        "IONOS SE": 5,
        "Infomaniak Network SA": 1,
        "KEY-SYSTEMS GmbH": 87,
        "NETIM": 2,
        "Name.com LLC": 2,
        "OVH": 21,
        "READY UP": 1,
        "Realtime Register B.V.": 7,
        "SAS Ligne Web Services - LWS": 6,
        "SCALEWAY": 1,
        "Sarek Oy": 1,
        "TLD Registrar Solutions Ltd": 8,
        "total": 187
    },
    "percentage": {
        "1API GmbH": 1.6042780748663101,
        "ALGORITHMEDIA srl": 0.5347593582887701,
        "AMEN / Agence des Médias Numériques": 2.1390374331550803,
        "EPAG Domainservices GmbH": 0.5347593582887701,
        "GANDI": 5.882352941176471,
        "GRANSY s.r.o.": 9.62566844919786,
        "Hosting Concepts B.V. d/b/a Openprovider": 3.2085561497326203,
        "IKOULA NET": 0.5347593582887701,
        "IONOS SE": 2.6737967914438503,
        "Infomaniak Network SA": 0.5347593582887701,
        "KEY-SYSTEMS GmbH": 46.524064171122994,
        "NETIM": 1.0695187165775402,
        "Name.com LLC": 1.0695187165775402,
        "OVH": 11.229946524064172,
        "READY UP": 0.5347593582887701,
        "Realtime Register B.V.": 3.7433155080213902,
        "SAS Ligne Web Services - LWS": 3.2085561497326203,
        "SCALEWAY": 0.5347593582887701,
        "Sarek Oy": 0.5347593582887701,
        "TLD Registrar Solutions Ltd": 4.278074866310161,
        "total": 99.99999999999999
    }
}