{
    "counter": {
        "AMEN / Agence des Médias Numériques": 2,
        "GRANSY s.r.o.": 2,
        "Hosting Concepts B.V. d/b/a Openprovider": 7,
        "IONOS SE": 4,
        "KEY-SYSTEMS GmbH": 46,
        "Metaregistrar BV": 1,
        "Name.com LLC": 3,
        "OVH": 1,
        "PDR Ltd. d/b/a PublicDomainRegistry.com": 2,
        "Realtime Register B.V.": 5,
        "SAS Ligne Web Services - LWS": 4,
        "SCALEWAY": 1,
        "Sarek Oy": 2,
        "TLD Registrar Solutions Ltd": 4,
        "total": 84
    },
    "percentage": {
        "AMEN / Agence des Médias Numériques": 2.380952380952381,
        "GRANSY s.r.o.": 2.380952380952381,
        "Hosting Concepts B.V. d/b/a Openprovider": 8.333333333333334,
        "IONOS SE": 4.761904761904762,
        "KEY-SYSTEMS GmbH": 54.76190476190476,
        "Metaregistrar BV": 1.1904761904761905,
        "Name.com LLC": 3.5714285714285716,
        "OVH": 1.1904761904761905,
        "PDR Ltd. d/b/a PublicDomainRegistry.com": 2.380952380952381,
        "Realtime Register B.V.": 5.9523809523809526,
        "SAS Ligne Web Services - LWS": 4.761904761904762,
        "SCALEWAY": 1.1904761904761905,
        "Sarek Oy": 2.380952380952381,
        "TLD Registrar Solutions Ltd": 4.761904761904762,
        "total": 99.99999999999999
    }
}