{
    "counter": {
        "1API GmbH": 1,
        "AMEN / Agence des Médias Numériques": 2,
        "EPAG Domainservices GmbH": 1,
        "GANDI": 1,
        "GRANSY s.r.o.": 1,
        "IONOS SE": 3,
        "Infomaniak Network SA": 1,
        "KEY-SYSTEMS GmbH": 66,
        "LINKWEB": 1,
        "Metaregistrar BV": 1,
        "Name.com LLC": 1,
        "OVH": 6,
        "Realtime Register B.V.": 13,
        "SAS Ligne Web Services - LWS": 4,
        "SONEXO B.V": 1,
        "Sarek Oy": 4,
        "TLD Registrar Solutions Ltd": 7,
        "total": 114
    },
    "percentage": {
        "1API GmbH": 0.8771929824561403,
        "AMEN / Agence des Médias Numériques": 1.7543859649122806,
        "EPAG Domainservices GmbH": 0.8771929824561403,
        "GANDI": 0.8771929824561403,
        "GRANSY s.r.o.": 0.8771929824561403,
        "IONOS SE": 2.6315789473684212,
        "Infomaniak Network SA": 0.8771929824561403,
        "KEY-SYSTEMS GmbH": 57.89473684210526,
        "LINKWEB": 0.8771929824561403,
        "Metaregistrar BV": 0.8771929824561403,
        "Name.com LLC": 0.8771929824561403,
        "OVH": 5.2631578947368425,
        "Realtime Register B.V.": 11.403508771929825,
        "SAS Ligne Web Services - LWS": 3.508771929824561,
        "SONEXO B.V": 0.8771929824561403,
        "Sarek Oy": 3.508771929824561,
        "TLD Registrar Solutions Ltd": 6.140350877192983,
        "total": 99.99999999999999
    }
}