{
    "counter": {
        "1API GmbH": 3,
        "ALGORITHMEDIA srl": 1,
        "AMEN / Agence des Médias Numériques": 4,
        "EPAG Domainservices GmbH": 1,
        "GANDI": 11,
        "GRANSY s.r.o.": 18,
        "Hosting Concepts B.V. d/b/a Openprovider": 6,
        "IKOULA NET": 1,
        "IONOS SE": 5,
        "Infomaniak Network SA": 1,
        "KEY-SYSTEMS GmbH": 79,
        "NETIM": 2,
        "Name.com LLC": 2,
        "OVH": 21,
        "READY UP": 1,
        "Realtime Register B.V.": 7,
        "SAS Ligne Web Services - LWS": 6,
        "SCALEWAY": 1,
        "Sarek Oy": 1,
        "TLD Registrar Solutions Ltd": 8,
        "total": 179
    },
    "percentage": {
        "1API GmbH": 1.675977653631285,
        "ALGORITHMEDIA srl": 0.5586592178770949,
        "AMEN / Agence des Médias Numériques": 2.2346368715083798,
        "EPAG Domainservices GmbH": 0.5586592178770949,
        "GANDI": 6.145251396648045,
        "GRANSY s.r.o.": 10.05586592178771,
        "Hosting Concepts B.V. d/b/a Openprovider": 3.35195530726257,
        "IKOULA NET": 0.5586592178770949,
        "IONOS SE": 2.793296089385475,
        "Infomaniak Network SA": 0.5586592178770949,
        "KEY-SYSTEMS GmbH": 44.134078212290504,
        "NETIM": 1.1173184357541899,
        "Name.com LLC": 1.1173184357541899,
        "OVH": 11.731843575418994,
        "READY UP": 0.5586592178770949,
        "Realtime Register B.V.": 3.910614525139665,
        "SAS Ligne Web Services - LWS": 3.35195530726257,
        "SCALEWAY": 0.5586592178770949,
        "Sarek Oy": 0.5586592178770949,
        "TLD Registrar Solutions Ltd": 4.4692737430167595,
        "total": 99.99999999999999
    }
}