{
    "counter": {
        "1API GmbH": 4,
        "AMEN / Agence des Médias Numériques": 8,
        "FRENCH CONNEXION": 1,
        "GANDI": 2,
        "GRANSY s.r.o.": 6,
        "Groupe PulseHeberg": 1,
        "Hosting Concepts B.V. d/b/a Openprovider": 13,
        "INWX GmbH": 1,
        "IONOS SE": 5,
        "Infomaniak Network SA": 4,
        "InterNetX GmbH": 1,
        "KEY-SYSTEMS GmbH": 138,
        "Metaregistrar BV": 1,
        "OVH": 10,
        "One.com A/S": 1,
        "Realtime Register B.V.": 13,
        "SAS Ligne Web Services - LWS": 3,
        "Sarek Oy": 3,
        "TLD Registrar Solutions Ltd": 6,
        "total": 221
    },
    "percentage": {
        "1API GmbH": 1.8099547511312217,
        "AMEN / Agence des Médias Numériques": 3.6199095022624435,
        "FRENCH CONNEXION": 0.45248868778280543,
        "GANDI": 0.9049773755656109,
        "GRANSY s.r.o.": 2.7149321266968327,
        "Groupe PulseHeberg": 0.45248868778280543,
        "Hosting Concepts B.V. d/b/a Openprovider": 5.882352941176471,
        "INWX GmbH": 0.45248868778280543,
        "IONOS SE": 2.262443438914027,
        "Infomaniak Network SA": 1.8099547511312217,
        "InterNetX GmbH": 0.45248868778280543,
        "KEY-SYSTEMS GmbH": 62.44343891402715,
        "Metaregistrar BV": 0.45248868778280543,
        "OVH": 4.524886877828054,
        "One.com A/S": 0.45248868778280543,
        "Realtime Register B.V.": 5.882352941176471,
        "SAS Ligne Web Services - LWS": 1.3574660633484164,
        "Sarek Oy": 1.3574660633484164,
        "TLD Registrar Solutions Ltd": 2.7149321266968327,
        "total": 99.99999999999999
    }
}