{
    "counter": {
        "AMEN / Agence des Médias Numériques": 4,
        "GRANSY s.r.o.": 1,
        "Hosting Concepts B.V. d/b/a Openprovider": 2,
        "IONOS SE": 2,
        "KEY-SYSTEMS GmbH": 29,
        "NETIM": 2,
        "OVH": 4,
        "One.com A/S": 2,
        "PLANETHOSTER": 1,
        "Realtime Register B.V.": 4,
        "SAS Ligne Web Services - LWS": 1,
        "total": 52
    },
    "percentage": {
        "AMEN / Agence des Médias Numériques": 7.6923076923076925,
        "GRANSY s.r.o.": 1.9230769230769231,
        "Hosting Concepts B.V. d/b/a Openprovider": 3.8461538461538463,
        "IONOS SE": 3.8461538461538463,
        "KEY-SYSTEMS GmbH": 55.76923076923077,
        "NETIM": 3.8461538461538463,
        "OVH": 7.6923076923076925,
        "One.com A/S": 3.8461538461538463,
        "PLANETHOSTER": 1.9230769230769231,
        "Realtime Register B.V.": 7.6923076923076925,
        "SAS Ligne Web Services - LWS": 1.9230769230769231,
        "total": 99.99999999999997
    }
}