{
    "counter": {
        "1API GmbH": 1,
        "ARSYS INTERNET EURL": 1,
        "EPAG Domainservices GmbH": 1,
        "GANDI": 2,
        "GRANSY s.r.o.": 4,
        "Hosting Concepts B.V. d/b/a Openprovider": 4,
        "KEY-SYSTEMS GmbH": 42,
        "OVH": 4,
        "Realtime Register B.V.": 3,
        "SAS Ligne Web Services - LWS": 5,
        "Sarek Oy": 1,
        "total": 68
    },
    "percentage": {
        "1API GmbH": 1.4705882352941178,
        "ARSYS INTERNET EURL": 1.4705882352941178,
        "EPAG Domainservices GmbH": 1.4705882352941178,
        "GANDI": 2.9411764705882355,
        "GRANSY s.r.o.": 5.882352941176471,
        "Hosting Concepts B.V. d/b/a Openprovider": 5.882352941176471,
        "KEY-SYSTEMS GmbH": 61.76470588235294,
        "OVH": 5.882352941176471,
        "Realtime Register B.V.": 4.411764705882353,
        "SAS Ligne Web Services - LWS": 7.352941176470588,
        "Sarek Oy": 1.4705882352941178,
        "total": 99.99999999999999
    }
}