{
    "counter": {
        "1API GmbH": 2,
        "AMEN / Agence des Médias Numériques": 4,
        "GRANSY s.r.o.": 5,
        "Groupe PulseHeberg": 1,
        "Hosting Concepts B.V. d/b/a Openprovider": 12,
        "IONOS SE": 2,
        "Infomaniak Network SA": 4,
        "InterNetX GmbH": 1,
        "KEY-SYSTEMS GmbH": 74,
        "Metaregistrar BV": 1,
        "OVH": 10,
        "Realtime Register B.V.": 10,
        "SAS Ligne Web Services - LWS": 2,
        "Sarek Oy": 3,
        "TLD Registrar Solutions Ltd": 4,
        "total": 135
    },
    "percentage": {
        "1API GmbH": 1.4814814814814814,
        "AMEN / Agence des Médias Numériques": 2.962962962962963,
        "GRANSY s.r.o.": 3.7037037037037037,
        "Groupe PulseHeberg": 0.7407407407407407,
        "Hosting Concepts B.V. d/b/a Openprovider": 8.88888888888889,
        "IONOS SE": 1.4814814814814814,
        "Infomaniak Network SA": 2.962962962962963,
        "InterNetX GmbH": 0.7407407407407407,
        "KEY-SYSTEMS GmbH": 54.81481481481482,
        "Metaregistrar BV": 0.7407407407407407,
        "OVH": 7.407407407407407,
        "Realtime Register B.V.": 7.407407407407407,
        "SAS Ligne Web Services - LWS": 1.4814814814814814,
        "Sarek Oy": 2.2222222222222223,
        "TLD Registrar Solutions Ltd": 2.962962962962963,
        "total": 100.0
    }
}