{
    "counter": {
        "1API GmbH": 4,
        "AMEN / Agence des Médias Numériques": 8,
        "FRENCH CONNEXION": 1,
        "GANDI": 2,
        "GRANSY s.r.o.": 6,
        "Groupe PulseHeberg": 1,
        "Hosting Concepts B.V. d/b/a Openprovider": 14,
        "INWX GmbH": 1,
        "IONOS SE": 5,
        "Infomaniak Network SA": 4,
        "InterNetX GmbH": 1,
        "KEY-SYSTEMS GmbH": 140,
        "Metaregistrar BV": 1,
        "OVH": 10,
        "One.com A/S": 1,
        "Realtime Register B.V.": 13,
        "SAS Ligne Web Services - LWS": 3,
        "Sarek Oy": 3,
        "TLD Registrar Solutions Ltd": 6,
        "total": 224
    },
    "percentage": {
        "1API GmbH": 1.7857142857142858,
        "AMEN / Agence des Médias Numériques": 3.5714285714285716,
        "FRENCH CONNEXION": 0.44642857142857145,
        "GANDI": 0.8928571428571429,
        "GRANSY s.r.o.": 2.6785714285714284,
        "Groupe PulseHeberg": 0.44642857142857145,
        "Hosting Concepts B.V. d/b/a Openprovider": 6.25,
        "INWX GmbH": 0.44642857142857145,
        "IONOS SE": 2.232142857142857,
        "Infomaniak Network SA": 1.7857142857142858,
        "InterNetX GmbH": 0.44642857142857145,
        "KEY-SYSTEMS GmbH": 62.5,
        "Metaregistrar BV": 0.44642857142857145,
        "OVH": 4.464285714285714,
        "One.com A/S": 0.44642857142857145,
        "Realtime Register B.V.": 5.803571428571429,
        "SAS Ligne Web Services - LWS": 1.3392857142857142,
        "Sarek Oy": 1.3392857142857142,
        "TLD Registrar Solutions Ltd": 2.6785714285714284,
        "total": 99.99999999999999
    }
}