{
    "counter": {
        "1API GmbH": 149,
        "AMEN / Agence des Médias Numériques": 44,
        "ARSYS INTERNET EURL": 1,
        "ASCIO TECHNOLOGIES Inc.": 1,
        "COM LAUDE (NOM IQ LIMITED)": 2,
        "Catchtiger B.V.": 1,
        "Combell NV": 3,
        "DOMENESHOP AS": 1,
        "Domain the Net Technologies Ltd.": 1,
        "ECRITEL": 1,
        "EPAG Domainservices GmbH": 18,
        "EURODNS S.A.": 3,
        "FEELB": 5,
        "GANDI": 435,
        "GRANSY s.r.o.": 477,
        "GoDaddy.com LLC": 12,
        "Hosting Concepts B.V. d/b/a Openprovider": 214,
        "IONOS SE": 78,
        "IP TWINS SAS": 5,
        "Infomaniak Network SA": 4,
        "InterNetX GmbH": 11,
        "KEY-SYSTEMS GmbH": 1194,
        "MESH DIGITAL LIMITED": 1,
        "Metaregistrar BV": 6,
        "NAMEBAY": 2,
        "NAMESHIELD": 10,
        "NETIM": 12,
        "Name.com LLC": 16,
        "OVH": 59,
        "One.com A/S": 7,
        "PDR Ltd. d/b/a PublicDomainRegistry.com": 20,
        "PHPNET FRANCE SARL": 1,
        "PLANETHOSTER": 2,
        "READY UP": 1,
        "Realtime Register B.V.": 34,
        "Registry Operations": 7,
        "SAS Ligne Web Services - LWS": 63,
        "SCALEWAY": 18,
        "SONEXO B.V": 3,
        "Sarek Oy": 9,
        "TLD Registrar Solutions Ltd": 56,
        "Uniregistrar Corp": 8,
        "VIADUC": 2,
        "Webguru": 1,
        "total": 2998
    },
    "percentage": {
        "1API GmbH": 4.969979986657772,
        "AMEN / Agence des Médias Numériques": 1.467645096731154,
        "ARSYS INTERNET EURL": 0.0333555703802535,
        "ASCIO TECHNOLOGIES Inc.": 0.0333555703802535,
        "COM LAUDE (NOM IQ LIMITED)": 0.066711140760507,
        "Catchtiger B.V.": 0.0333555703802535,
        "Combell NV": 0.1000667111407605,
        "DOMENESHOP AS": 0.0333555703802535,
        "Domain the Net Technologies Ltd.": 0.0333555703802535,
        "ECRITEL": 0.0333555703802535,
        "EPAG Domainservices GmbH": 0.600400266844563,
        "EURODNS S.A.": 0.1000667111407605,
        "FEELB": 0.1667778519012675,
        "GANDI": 14.509673115410273,
        "GRANSY s.r.o.": 15.910607071380921,
        "GoDaddy.com LLC": 0.400266844563042,
        "Hosting Concepts B.V. d/b/a Openprovider": 7.138092061374249,
        "IONOS SE": 2.601734489659773,
        "IP TWINS SAS": 0.1667778519012675,
        "Infomaniak Network SA": 0.133422281521014,
        "InterNetX GmbH": 0.3669112741827885,
        "KEY-SYSTEMS GmbH": 39.82655103402268,
        "MESH DIGITAL LIMITED": 0.0333555703802535,
        "Metaregistrar BV": 0.200133422281521,
        "NAMEBAY": 0.066711140760507,
        "NAMESHIELD": 0.333555703802535,
        "NETIM": 0.400266844563042,
        "Name.com LLC": 0.533689126084056,
        "OVH": 1.9679786524349567,
        "One.com A/S": 0.2334889926617745,
        "PDR Ltd. d/b/a PublicDomainRegistry.com": 0.66711140760507,
        "PHPNET FRANCE SARL": 0.0333555703802535,
        "PLANETHOSTER": 0.066711140760507,
        "READY UP": 0.0333555703802535,
        "Realtime Register B.V.": 1.134089392928619,
        "Registry Operations": 0.2334889926617745,
        "SAS Ligne Web Services - LWS": 2.1014009339559707,
        "SCALEWAY": 0.600400266844563,
        "SONEXO B.V": 0.1000667111407605,
        "Sarek Oy": 0.3002001334222815,
        "TLD Registrar Solutions Ltd": 1.867911941294196,
        "Uniregistrar Corp": 0.266844563042028,
        "VIADUC": 0.066711140760507,
        "Webguru": 0.0333555703802535,
        "total": 99.99999999999999
    }
}