{
    "counter": {
        "1API GmbH": 3,
        "AMEN / Agence des Médias Numériques": 3,
        "EPAG Domainservices GmbH": 1,
        "GRANSY s.r.o.": 5,
        "Hosting Concepts B.V. d/b/a Openprovider": 5,
        "IONOS SE": 2,
        "InterNetX GmbH": 1,
        "KEY-SYSTEMS GmbH": 46,
        "Metaregistrar BV": 1,
        "Name.com LLC": 2,
        "OVH": 6,
        "Realtime Register B.V.": 5,
        "SAS Ligne Web Services - LWS": 3,
        "TLD Registrar Solutions Ltd": 1,
        "VIADUC": 2,
        "total": 86
    },
    "percentage": {
        "1API GmbH": 3.488372093023256,
        "AMEN / Agence des Médias Numériques": 3.488372093023256,
        "EPAG Domainservices GmbH": 1.1627906976744187,
        "GRANSY s.r.o.": 5.813953488372093,
        "Hosting Concepts B.V. d/b/a Openprovider": 5.813953488372093,
        "IONOS SE": 2.3255813953488373,
        "InterNetX GmbH": 1.1627906976744187,
        "KEY-SYSTEMS GmbH": 53.48837209302326,
        "Metaregistrar BV": 1.1627906976744187,
        "Name.com LLC": 2.3255813953488373,
        "OVH": 6.976744186046512,
        "Realtime Register B.V.": 5.813953488372093,
        "SAS Ligne Web Services - LWS": 3.488372093023256,
        "TLD Registrar Solutions Ltd": 1.1627906976744187,
        "VIADUC": 2.3255813953488373,
        "total": 100.00000000000001
    }
}