{
    "counter": {
        "AMEN / Agence des Médias Numériques": 2,
        "EPAG Domainservices GmbH": 1,
        "FRENCH CONNEXION": 2,
        "GANDI": 2,
        "GRANSY s.r.o.": 4,
        "Hosting Concepts B.V. d/b/a Openprovider": 2,
        "IONOS SE": 2,
        "InterNetX GmbH": 113,
        "KEY-SYSTEMS GmbH": 37,
        "OVH": 5,
        "One.com A/S": 1,
        "PDR Ltd. d/b/a PublicDomainRegistry.com": 1,
        "Realtime Register B.V.": 6,
        "SAS Ligne Web Services - LWS": 5,
        "SCALEWAY": 1,
        "TLD Registrar Solutions Ltd": 1,
        "total": 185
    },
    "percentage": {
        "AMEN / Agence des Médias Numériques": 1.0810810810810811,
        "EPAG Domainservices GmbH": 0.5405405405405406,
        "FRENCH CONNEXION": 1.0810810810810811,
        "GANDI": 1.0810810810810811,
        "GRANSY s.r.o.": 2.1621621621621623,
        "Hosting Concepts B.V. d/b/a Openprovider": 1.0810810810810811,
        "IONOS SE": 1.0810810810810811,
        "InterNetX GmbH": 61.08108108108108,
        "KEY-SYSTEMS GmbH": 20.0,
        "OVH": 2.7027027027027026,
        "One.com A/S": 0.5405405405405406,
        "PDR Ltd. d/b/a PublicDomainRegistry.com": 0.5405405405405406,
        "Realtime Register B.V.": 3.2432432432432434,
        "SAS Ligne Web Services - LWS": 2.7027027027027026,
        "SCALEWAY": 0.5405405405405406,
        "TLD Registrar Solutions Ltd": 0.5405405405405406,
        "total": 100.00000000000004
    }
}