{
    "counter": {
        "1API GmbH": 1,
        "Combell NV": 1,
        "Hosting Concepts B.V. d/b/a Openprovider": 2,
        "KEY-SYSTEMS GmbH": 31,
        "OVH": 1,
        "Realtime Register B.V.": 7,
        "total": 43
    },
    "percentage": {
        "1API GmbH": 2.3255813953488373,
        "Combell NV": 2.3255813953488373,
        "Hosting Concepts B.V. d/b/a Openprovider": 4.651162790697675,
        "KEY-SYSTEMS GmbH": 72.09302325581395,
        "OVH": 2.3255813953488373,
        "Realtime Register B.V.": 16.27906976744186,
        "total": 100.0
    }
}