{
    "counter": {
        "ALGORITHMEDIA srl": 1,
        "KEY-SYSTEMS GmbH": 15,
        "OVH": 1,
        "Realtime Register B.V.": 2,
        "SAS Ligne Web Services - LWS": 1,
        "TLD Registrar Solutions Ltd": 2,
        "total": 22
    },
    "percentage": {
        "ALGORITHMEDIA srl": 4.545454545454546,
        "KEY-SYSTEMS GmbH": 68.18181818181819,
        "OVH": 4.545454545454546,
        "Realtime Register B.V.": 9.090909090909092,
        "SAS Ligne Web Services - LWS": 4.545454545454546,
        "TLD Registrar Solutions Ltd": 9.090909090909092,
        "total": 100.00000000000001
    }
}