{
    "counter": {
        "AMEN / Agence des Médias Numériques": 1,
        "KEY-SYSTEMS GmbH": 8,
        "Realtime Register B.V.": 1,
        "SAS Ligne Web Services - LWS": 1,
        "total": 11
    },
    "percentage": {
        "AMEN / Agence des Médias Numériques": 9.090909090909092,
        "KEY-SYSTEMS GmbH": 72.72727272727273,
        "Realtime Register B.V.": 9.090909090909092,
        "SAS Ligne Web Services - LWS": 9.090909090909092,
        "total": 100.00000000000001
    }
}