{
    "counter": {
        "1API GmbH": 2,
        "AMEN / Agence des Médias Numériques": 7,
        "GANDI": 2,
        "GRANSY s.r.o.": 5,
        "Groupe PulseHeberg": 1,
        "Hosting Concepts B.V. d/b/a Openprovider": 12,
        "IONOS SE": 3,
        "Infomaniak Network SA": 4,
        "InterNetX GmbH": 1,
        "KEY-SYSTEMS GmbH": 108,
        "Metaregistrar BV": 1,
        "OVH": 10,
        "One.com A/S": 1,
        "Realtime Register B.V.": 11,
        "SAS Ligne Web Services - LWS": 2,
        "Sarek Oy": 3,
        "TLD Registrar Solutions Ltd": 5,
        "total": 178
    },
    "percentage": {
        "1API GmbH": 1.1235955056179776,
        "AMEN / Agence des Médias Numériques": 3.932584269662921,
        "GANDI": 1.1235955056179776,
        "GRANSY s.r.o.": 2.808988764044944,
        "Groupe PulseHeberg": 0.5617977528089888,
        "Hosting Concepts B.V. d/b/a Openprovider": 6.741573033707865,
        "IONOS SE": 1.6853932584269662,
        "Infomaniak Network SA": 2.247191011235955,
        "InterNetX GmbH": 0.5617977528089888,
        "KEY-SYSTEMS GmbH": 60.674157303370784,
        "Metaregistrar BV": 0.5617977528089888,
        "OVH": 5.617977528089888,
        "One.com A/S": 0.5617977528089888,
        "Realtime Register B.V.": 6.179775280898877,
        "SAS Ligne Web Services - LWS": 1.1235955056179776,
        "Sarek Oy": 1.6853932584269662,
        "TLD Registrar Solutions Ltd": 2.808988764044944,
        "total": 100.0
    }
}