{
    "counter": {
        "GRANSY s.r.o.": 1,
        "KEY-SYSTEMS GmbH": 10,
        "Realtime Register B.V.": 1,
        "SAS Ligne Web Services - LWS": 1,
        "total": 13
    },
    "percentage": {
        "GRANSY s.r.o.": 7.6923076923076925,
        "KEY-SYSTEMS GmbH": 76.92307692307692,
        "Realtime Register B.V.": 7.6923076923076925,
        "SAS Ligne Web Services - LWS": 7.6923076923076925,
        "total": 100.0
    }
}