{
    "counter": {
        "GANDI": 1,
        "KEY-SYSTEMS GmbH": 10,
        "Name SRS AB": 1,
        "Name.com LLC": 1,
        "OVH": 1,
        "total": 14
    },
    "percentage": {
        "GANDI": 7.142857142857143,
        "KEY-SYSTEMS GmbH": 71.42857142857143,
        "Name SRS AB": 7.142857142857143,
        "Name.com LLC": 7.142857142857143,
        "OVH": 7.142857142857143,
        "total": 99.99999999999999
    }
}