{
    "counter": {
        "1API GmbH": 1,
        "AMEN / Agence des Médias Numériques": 1,
        "Hosting Concepts B.V. d/b/a Openprovider": 5,
        "Infomaniak Network SA": 1,
        "KEY-SYSTEMS GmbH": 18,
        "OVH": 1,
        "Realtime Register B.V.": 2,
        "total": 29
    },
    "percentage": {
        "1API GmbH": 3.4482758620689653,
        "AMEN / Agence des Médias Numériques": 3.4482758620689653,
        "Hosting Concepts B.V. d/b/a Openprovider": 17.24137931034483,
        "Infomaniak Network SA": 3.4482758620689653,
        "KEY-SYSTEMS GmbH": 62.06896551724138,
        "OVH": 3.4482758620689653,
        "Realtime Register B.V.": 6.896551724137931,
        "total": 100.00000000000001
    }
}