{
    "counter": {
        "1API GmbH": 1,
        "AMEN / Agence des Médias Numériques": 1,
        "EURODNS S.A.": 1,
        "GANDI": 2,
        "GRANSY s.r.o.": 4,
        "Hosting Concepts B.V. d/b/a Openprovider": 2,
        "IONOS SE": 2,
        "KEY-SYSTEMS GmbH": 31,
        "OVH": 7,
        "PDR Ltd. d/b/a PublicDomainRegistry.com": 6,
        "Realtime Register B.V.": 9,
        "SAS Ligne Web Services - LWS": 1,
        "SCALEWAY": 2,
        "TLD Registrar Solutions Ltd": 5,
        "total": 74
    },
    "percentage": {
        "1API GmbH": 1.3513513513513513,
        "AMEN / Agence des Médias Numériques": 1.3513513513513513,
        "EURODNS S.A.": 1.3513513513513513,
        "GANDI": 2.7027027027027026,
        "GRANSY s.r.o.": 5.405405405405405,
        "Hosting Concepts B.V. d/b/a Openprovider": 2.7027027027027026,
        "IONOS SE": 2.7027027027027026,
        "KEY-SYSTEMS GmbH": 41.891891891891895,
        "OVH": 9.45945945945946,
        "PDR Ltd. d/b/a PublicDomainRegistry.com": 8.108108108108109,
        "Realtime Register B.V.": 12.162162162162161,
        "SAS Ligne Web Services - LWS": 1.3513513513513513,
        "SCALEWAY": 2.7027027027027026,
        "TLD Registrar Solutions Ltd": 6.756756756756757,
        "total": 100.00000000000001
    }
}