{
    "counter": {
        "1API GmbH": 2,
        "AMEN / Agence des Médias Numériques": 4,
        "Hosting Concepts B.V. d/b/a Openprovider": 7,
        "IONOS SE": 7,
        "Infomaniak Network SA": 1,
        "KEY-SYSTEMS GmbH": 45,
        "Name.com LLC": 1,
        "OVH": 4,
        "Realtime Register B.V.": 9,
        "SAS Ligne Web Services - LWS": 5,
        "Sarek Oy": 2,
        "Vautron Rechenzentrum AG": 1,
        "total": 88
    },
    "percentage": {
        "1API GmbH": 2.272727272727273,
        "AMEN / Agence des Médias Numériques": 4.545454545454546,
        "Hosting Concepts B.V. d/b/a Openprovider": 7.954545454545454,
        "IONOS SE": 7.954545454545454,
        "Infomaniak Network SA": 1.1363636363636365,
        "KEY-SYSTEMS GmbH": 51.13636363636363,
        "Name.com LLC": 1.1363636363636365,
        "OVH": 4.545454545454546,
        "Realtime Register B.V.": 10.227272727272727,
        "SAS Ligne Web Services - LWS": 5.681818181818182,
        "Sarek Oy": 2.272727272727273,
        "Vautron Rechenzentrum AG": 1.1363636363636365,
        "total": 100.0
    }
}