{
    "counter": {
        "1API GmbH": 1,
        "AMEN / Agence des Médias Numériques": 3,
        "GANDI": 1,
        "GRANSY s.r.o.": 3,
        "Hosting Concepts B.V. d/b/a Openprovider": 3,
        "IONOS SE": 2,
        "KEY-SYSTEMS GmbH": 36,
        "NORDNET": 1,
        "OVH": 4,
        "Realtime Register B.V.": 5,
        "TLD Registrar Solutions Ltd": 3,
        "total": 62
    },
    "percentage": {
        "1API GmbH": 1.6129032258064515,
        "AMEN / Agence des Médias Numériques": 4.838709677419355,
        "GANDI": 1.6129032258064515,
        "GRANSY s.r.o.": 4.838709677419355,
        "Hosting Concepts B.V. d/b/a Openprovider": 4.838709677419355,
        "IONOS SE": 3.225806451612903,
        "KEY-SYSTEMS GmbH": 58.064516129032256,
        "NORDNET": 1.6129032258064515,
        "OVH": 6.451612903225806,
        "Realtime Register B.V.": 8.064516129032258,
        "TLD Registrar Solutions Ltd": 4.838709677419355,
        "total": 100.0
    }
}