{
    "counter": {
        "AMEN / Agence des Médias Numériques": 6,
        "EPAG Domainservices GmbH": 2,
        "FRENCH CONNEXION": 2,
        "GANDI": 2,
        "GRANSY s.r.o.": 4,
        "Hosting Concepts B.V. d/b/a Openprovider": 5,
        "IONOS SE": 5,
        "InterNetX GmbH": 186,
        "KEY-SYSTEMS GmbH": 58,
        "Metaregistrar BV": 1,
        "NETIM": 1,
        "OVH": 8,
        "One.com A/S": 1,
        "PDR Ltd. d/b/a PublicDomainRegistry.com": 1,
        "Realtime Register B.V.": 6,
        "SAS Ligne Web Services - LWS": 6,
        "SCALEWAY": 1,
        "TLD Registrar Solutions Ltd": 1,
        "total": 296
    },
    "percentage": {
        "AMEN / Agence des Médias Numériques": 2.027027027027027,
        "EPAG Domainservices GmbH": 0.6756756756756757,
        "FRENCH CONNEXION": 0.6756756756756757,
        "GANDI": 0.6756756756756757,
        "GRANSY s.r.o.": 1.3513513513513513,
        "Hosting Concepts B.V. d/b/a Openprovider": 1.6891891891891893,
        "IONOS SE": 1.6891891891891893,
        "InterNetX GmbH": 62.83783783783784,
        "KEY-SYSTEMS GmbH": 19.594594594594593,
        "Metaregistrar BV": 0.33783783783783783,
        "NETIM": 0.33783783783783783,
        "OVH": 2.7027027027027026,
        "One.com A/S": 0.33783783783783783,
        "PDR Ltd. d/b/a PublicDomainRegistry.com": 0.33783783783783783,
        "Realtime Register B.V.": 2.027027027027027,
        "SAS Ligne Web Services - LWS": 2.027027027027027,
        "SCALEWAY": 0.33783783783783783,
        "TLD Registrar Solutions Ltd": 0.33783783783783783,
        "total": 100.00000000000003
    }
}