{
    "counter": {
        "FRENCH CONNEXION": 1,
        "GANDI": 1,
        "KEY-SYSTEMS GmbH": 6,
        "Realtime Register B.V.": 1,
        "total": 9
    },
    "percentage": {
        "FRENCH CONNEXION": 11.11111111111111,
        "GANDI": 11.11111111111111,
        "KEY-SYSTEMS GmbH": 66.66666666666667,
        "Realtime Register B.V.": 11.11111111111111,
        "total": 100.0
    }
}