{
    "counter": {
        "1API GmbH": 2,
        "AMEN / Agence des Médias Numériques": 1,
        "GANDI": 2,
        "GRANSY s.r.o.": 2,
        "Groupe PulseHeberg": 1,
        "Hosting Concepts B.V. d/b/a Openprovider": 11,
        "INWX GmbH": 1,
        "IONOS SE": 3,
        "Infomaniak Network SA": 1,
        "InterNetX GmbH": 1,
        "KEY-SYSTEMS GmbH": 61,
        "OVH": 5,
        "One.com A/S": 1,
        "Realtime Register B.V.": 6,
        "SAS Ligne Web Services - LWS": 1,
        "Sarek Oy": 2,
        "TLD Registrar Solutions Ltd": 4,
        "total": 105
    },
    "percentage": {
        "1API GmbH": 1.9047619047619047,
        "AMEN / Agence des Médias Numériques": 0.9523809523809523,
        "GANDI": 1.9047619047619047,
        "GRANSY s.r.o.": 1.9047619047619047,
        "Groupe PulseHeberg": 0.9523809523809523,
        "Hosting Concepts B.V. d/b/a Openprovider": 10.476190476190476,
        "INWX GmbH": 0.9523809523809523,
        "IONOS SE": 2.857142857142857,
        "Infomaniak Network SA": 0.9523809523809523,
        "InterNetX GmbH": 0.9523809523809523,
        "KEY-SYSTEMS GmbH": 58.095238095238095,
        "OVH": 4.761904761904762,
        "One.com A/S": 0.9523809523809523,
        "Realtime Register B.V.": 5.714285714285714,
        "SAS Ligne Web Services - LWS": 0.9523809523809523,
        "Sarek Oy": 1.9047619047619047,
        "TLD Registrar Solutions Ltd": 3.8095238095238093,
        "total": 99.99999999999997
    }
}