{
    "counter": {
        "1API GmbH": 2,
        "AMEN / Agence des Médias Numériques": 4,
        "GANDI": 1,
        "GRANSY s.r.o.": 5,
        "Groupe PulseHeberg": 1,
        "Hosting Concepts B.V. d/b/a Openprovider": 12,
        "IONOS SE": 2,
        "Infomaniak Network SA": 4,
        "InterNetX GmbH": 1,
        "KEY-SYSTEMS GmbH": 90,
        "Metaregistrar BV": 1,
        "OVH": 10,
        "Realtime Register B.V.": 10,
        "SAS Ligne Web Services - LWS": 2,
        "Sarek Oy": 3,
        "TLD Registrar Solutions Ltd": 4,
        "total": 152
    },
    "percentage": {
        "1API GmbH": 1.3157894736842106,
        "AMEN / Agence des Médias Numériques": 2.6315789473684212,
        "GANDI": 0.6578947368421053,
        "GRANSY s.r.o.": 3.289473684210526,
        "Groupe PulseHeberg": 0.6578947368421053,
        "Hosting Concepts B.V. d/b/a Openprovider": 7.894736842105263,
        "IONOS SE": 1.3157894736842106,
        "Infomaniak Network SA": 2.6315789473684212,
        "InterNetX GmbH": 0.6578947368421053,
        "KEY-SYSTEMS GmbH": 59.21052631578947,
        "Metaregistrar BV": 0.6578947368421053,
        "OVH": 6.578947368421052,
        "Realtime Register B.V.": 6.578947368421052,
        "SAS Ligne Web Services - LWS": 1.3157894736842106,
        "Sarek Oy": 1.9736842105263157,
        "TLD Registrar Solutions Ltd": 2.6315789473684212,
        "total": 100.00000000000001
    }
}