{
    "counter": {
        "EPAG Domainservices GmbH": 1,
        "GRANSY s.r.o.": 3,
        "Hosting Concepts B.V. d/b/a Openprovider": 1,
        "IONOS SE": 4,
        "InterNetX GmbH": 1,
        "KEY-SYSTEMS GmbH": 28,
        "Metaregistrar BV": 1,
        "OVH": 4,
        "One.com A/S": 1,
        "Realtime Register B.V.": 2,
        "SAS Ligne Web Services - LWS": 1,
        "SCALEWAY": 4,
        "Sarek Oy": 1,
        "TLD Registrar Solutions Ltd": 2,
        "total": 54
    },
    "percentage": {
        "EPAG Domainservices GmbH": 1.8518518518518519,
        "GRANSY s.r.o.": 5.555555555555555,
        "Hosting Concepts B.V. d/b/a Openprovider": 1.8518518518518519,
        "IONOS SE": 7.407407407407407,
        "InterNetX GmbH": 1.8518518518518519,
        "KEY-SYSTEMS GmbH": 51.851851851851855,
        "Metaregistrar BV": 1.8518518518518519,
        "OVH": 7.407407407407407,
        "One.com A/S": 1.8518518518518519,
        "Realtime Register B.V.": 3.7037037037037037,
        "SAS Ligne Web Services - LWS": 1.8518518518518519,
        "SCALEWAY": 7.407407407407407,
        "Sarek Oy": 1.8518518518518519,
        "TLD Registrar Solutions Ltd": 3.7037037037037037,
        "total": 100.0
    }
}