{
    "counter": {
        "AMEN / Agence des Médias Numériques": 3,
        "GRANSY s.r.o.": 2,
        "Hosting Concepts B.V. d/b/a Openprovider": 5,
        "IONOS SE": 3,
        "KEY-SYSTEMS GmbH": 32,
        "Metaregistrar BV": 1,
        "Name.com LLC": 1,
        "OVH": 2,
        "PDR Ltd. d/b/a PublicDomainRegistry.com": 2,
        "Realtime Register B.V.": 3,
        "SAS Ligne Web Services - LWS": 4,
        "SCALEWAY": 1,
        "Sarek Oy": 2,
        "total": 61
    },
    "percentage": {
        "AMEN / Agence des Médias Numériques": 4.918032786885246,
        "GRANSY s.r.o.": 3.278688524590164,
        "Hosting Concepts B.V. d/b/a Openprovider": 8.19672131147541,
        "IONOS SE": 4.918032786885246,
        "KEY-SYSTEMS GmbH": 52.459016393442624,
        "Metaregistrar BV": 1.639344262295082,
        "Name.com LLC": 1.639344262295082,
        "OVH": 3.278688524590164,
        "PDR Ltd. d/b/a PublicDomainRegistry.com": 3.278688524590164,
        "Realtime Register B.V.": 4.918032786885246,
        "SAS Ligne Web Services - LWS": 6.557377049180328,
        "SCALEWAY": 1.639344262295082,
        "Sarek Oy": 3.278688524590164,
        "total": 100.00000000000001
    }
}