{
    "counter": {
        "IONOS SE": 1,
        "KEY-SYSTEMS GmbH": 19,
        "Realtime Register B.V.": 2,
        "total": 22
    },
    "percentage": {
        "IONOS SE": 4.545454545454546,
        "KEY-SYSTEMS GmbH": 86.36363636363636,
        "Realtime Register B.V.": 9.090909090909092,
        "total": 100.0
    }
}