{
    "counter": {
        "GRANSY s.r.o.": 1,
        "KEY-SYSTEMS GmbH": 6,
        "One.com A/S": 1,
        "PDR Ltd. d/b/a PublicDomainRegistry.com": 1,
        "Sarek Oy": 1,
        "TLD Registrar Solutions Ltd": 1,
        "total": 11
    },
    "percentage": {
        "GRANSY s.r.o.": 9.090909090909092,
        "KEY-SYSTEMS GmbH": 54.54545454545455,
        "One.com A/S": 9.090909090909092,
        "PDR Ltd. d/b/a PublicDomainRegistry.com": 9.090909090909092,
        "Sarek Oy": 9.090909090909092,
        "TLD Registrar Solutions Ltd": 9.090909090909092,
        "total": 100.00000000000001
    }
}