{
    "counter": {
        "1API GmbH": 2,
        "Catchtiger B.V.": 1,
        "FEELB": 1,
        "GANDI": 1,
        "GRANSY s.r.o.": 1,
        "Hosting Concepts B.V. d/b/a Openprovider": 60,
        "IONOS SE": 1,
        "Infomaniak Network SA": 2,
        "KEY-SYSTEMS GmbH": 26,
        "Name.com LLC": 1,
        "OVH": 3,
        "One.com A/S": 4,
        "Realtime Register B.V.": 7,
        "SAS Ligne Web Services - LWS": 2,
        "Sarek Oy": 1,
        "total": 113
    },
    "percentage": {
        "1API GmbH": 1.7699115044247788,
        "Catchtiger B.V.": 0.8849557522123894,
        "FEELB": 0.8849557522123894,
        "GANDI": 0.8849557522123894,
        "GRANSY s.r.o.": 0.8849557522123894,
        "Hosting Concepts B.V. d/b/a Openprovider": 53.097345132743364,
        "IONOS SE": 0.8849557522123894,
        "Infomaniak Network SA": 1.7699115044247788,
        "KEY-SYSTEMS GmbH": 23.008849557522122,
        "Name.com LLC": 0.8849557522123894,
        "OVH": 2.6548672566371683,
        "One.com A/S": 3.5398230088495577,
        "Realtime Register B.V.": 6.1946902654867255,
        "SAS Ligne Web Services - LWS": 1.7699115044247788,
        "Sarek Oy": 0.8849557522123894,
        "total": 100.00000000000001
    }
}