{
    "counter": {
        "Hosting Concepts B.V. d/b/a Openprovider": 2,
        "IONOS SE": 3,
        "KEY-SYSTEMS GmbH": 13,
        "OVH": 2,
        "Realtime Register B.V.": 1,
        "TLD Registrar Solutions Ltd": 1,
        "Vautron Rechenzentrum AG": 1,
        "total": 23
    },
    "percentage": {
        "Hosting Concepts B.V. d/b/a Openprovider": 8.695652173913043,
        "IONOS SE": 13.043478260869565,
        "KEY-SYSTEMS GmbH": 56.52173913043478,
        "OVH": 8.695652173913043,
        "Realtime Register B.V.": 4.3478260869565215,
        "TLD Registrar Solutions Ltd": 4.3478260869565215,
        "Vautron Rechenzentrum AG": 4.3478260869565215,
        "total": 99.99999999999999
    }
}