{
    "counter": {
        "1API GmbH": 2,
        "AMEN / Agence des Médias Numériques": 5,
        "Hosting Concepts B.V. d/b/a Openprovider": 8,
        "IONOS SE": 7,
        "Infomaniak Network SA": 1,
        "KEY-SYSTEMS GmbH": 66,
        "Name.com LLC": 1,
        "OVH": 6,
        "PDR Ltd. d/b/a PublicDomainRegistry.com": 2,
        "Realtime Register B.V.": 12,
        "SAS Ligne Web Services - LWS": 6,
        "Sarek Oy": 3,
        "TLD Registrar Solutions Ltd": 2,
        "Vautron Rechenzentrum AG": 1,
        "total": 122
    },
    "percentage": {
        "1API GmbH": 1.639344262295082,
        "AMEN / Agence des Médias Numériques": 4.098360655737705,
        "Hosting Concepts B.V. d/b/a Openprovider": 6.557377049180328,
        "IONOS SE": 5.737704918032787,
        "Infomaniak Network SA": 0.819672131147541,
        "KEY-SYSTEMS GmbH": 54.09836065573771,
        "Name.com LLC": 0.819672131147541,
        "OVH": 4.918032786885246,
        "PDR Ltd. d/b/a PublicDomainRegistry.com": 1.639344262295082,
        "Realtime Register B.V.": 9.836065573770492,
        "SAS Ligne Web Services - LWS": 4.918032786885246,
        "Sarek Oy": 2.459016393442623,
        "TLD Registrar Solutions Ltd": 1.639344262295082,
        "Vautron Rechenzentrum AG": 0.819672131147541,
        "total": 100.00000000000001
    }
}