{
    "counter": {
        "1API GmbH": 3,
        "AMEN / Agence des Médias Numériques": 3,
        "EPAG Domainservices GmbH": 1,
        "GRANSY s.r.o.": 3,
        "Hosting Concepts B.V. d/b/a Openprovider": 2,
        "IONOS SE": 2,
        "KEY-SYSTEMS GmbH": 55,
        "NETIM": 2,
        "OVH": 3,
        "PDR Ltd. d/b/a PublicDomainRegistry.com": 3,
        "PLANETHOSTER": 1,
        "Realtime Register B.V.": 11,
        "SAS Ligne Web Services - LWS": 2,
        "SONEXO B.V": 1,
        "TLD Registrar Solutions Ltd": 2,
        "total": 94
    },
    "percentage": {
        "1API GmbH": 3.1914893617021276,
        "AMEN / Agence des Médias Numériques": 3.1914893617021276,
        "EPAG Domainservices GmbH": 1.0638297872340425,
        "GRANSY s.r.o.": 3.1914893617021276,
        "Hosting Concepts B.V. d/b/a Openprovider": 2.127659574468085,
        "IONOS SE": 2.127659574468085,
        "KEY-SYSTEMS GmbH": 58.51063829787234,
        "NETIM": 2.127659574468085,
        "OVH": 3.1914893617021276,
        "PDR Ltd. d/b/a PublicDomainRegistry.com": 3.1914893617021276,
        "PLANETHOSTER": 1.0638297872340425,
        "Realtime Register B.V.": 11.702127659574469,
        "SAS Ligne Web Services - LWS": 2.127659574468085,
        "SONEXO B.V": 1.0638297872340425,
        "TLD Registrar Solutions Ltd": 2.127659574468085,
        "total": 99.99999999999999
    }
}