{
    "counter": {
        "1API GmbH": 4,
        "AMEN / Agence des Médias Numériques": 8,
        "FRENCH CONNEXION": 1,
        "GANDI": 2,
        "GRANSY s.r.o.": 6,
        "Groupe PulseHeberg": 1,
        "Hosting Concepts B.V. d/b/a Openprovider": 14,
        "INWX GmbH": 1,
        "IONOS SE": 5,
        "Infomaniak Network SA": 4,
        "InterNetX GmbH": 1,
        "KEY-SYSTEMS GmbH": 139,
        "Metaregistrar BV": 1,
        "OVH": 10,
        "One.com A/S": 1,
        "Realtime Register B.V.": 13,
        "SAS Ligne Web Services - LWS": 3,
        "Sarek Oy": 3,
        "TLD Registrar Solutions Ltd": 6,
        "total": 223
    },
    "percentage": {
        "1API GmbH": 1.7937219730941705,
        "AMEN / Agence des Médias Numériques": 3.587443946188341,
        "FRENCH CONNEXION": 0.4484304932735426,
        "GANDI": 0.8968609865470852,
        "GRANSY s.r.o.": 2.690582959641256,
        "Groupe PulseHeberg": 0.4484304932735426,
        "Hosting Concepts B.V. d/b/a Openprovider": 6.278026905829597,
        "INWX GmbH": 0.4484304932735426,
        "IONOS SE": 2.242152466367713,
        "Infomaniak Network SA": 1.7937219730941705,
        "InterNetX GmbH": 0.4484304932735426,
        "KEY-SYSTEMS GmbH": 62.33183856502242,
        "Metaregistrar BV": 0.4484304932735426,
        "OVH": 4.484304932735426,
        "One.com A/S": 0.4484304932735426,
        "Realtime Register B.V.": 5.829596412556054,
        "SAS Ligne Web Services - LWS": 1.345291479820628,
        "Sarek Oy": 1.345291479820628,
        "TLD Registrar Solutions Ltd": 2.690582959641256,
        "total": 100.00000000000003
    }
}