{
    "counter": {
        "GRANSY s.r.o.": 1,
        "KEY-SYSTEMS GmbH": 2,
        "One.com A/S": 1,
        "PDR Ltd. d/b/a PublicDomainRegistry.com": 1,
        "TLD Registrar Solutions Ltd": 1,
        "total": 6
    },
    "percentage": {
        "GRANSY s.r.o.": 16.666666666666668,
        "KEY-SYSTEMS GmbH": 33.333333333333336,
        "One.com A/S": 16.666666666666668,
        "PDR Ltd. d/b/a PublicDomainRegistry.com": 16.666666666666668,
        "TLD Registrar Solutions Ltd": 16.666666666666668,
        "total": 100.00000000000001
    }
}