{
    "counter": {
        "1API GmbH": 3,
        "AMEN / Agence des Médias Numériques": 1,
        "GANDI": 2,
        "GRANSY s.r.o.": 4,
        "Groupe PulseHeberg": 1,
        "Hosting Concepts B.V. d/b/a Openprovider": 11,
        "INWX GmbH": 1,
        "IONOS SE": 4,
        "Infomaniak Network SA": 1,
        "InterNetX GmbH": 1,
        "KEY-SYSTEMS GmbH": 81,
        "OVH": 7,
        "One.com A/S": 1,
        "Realtime Register B.V.": 8,
        "SAS Ligne Web Services - LWS": 2,
        "Sarek Oy": 2,
        "TLD Registrar Solutions Ltd": 5,
        "total": 135
    },
    "percentage": {
        "1API GmbH": 2.2222222222222223,
        "AMEN / Agence des Médias Numériques": 0.7407407407407407,
        "GANDI": 1.4814814814814814,
        "GRANSY s.r.o.": 2.962962962962963,
        "Groupe PulseHeberg": 0.7407407407407407,
        "Hosting Concepts B.V. d/b/a Openprovider": 8.148148148148149,
        "INWX GmbH": 0.7407407407407407,
        "IONOS SE": 2.962962962962963,
        "Infomaniak Network SA": 0.7407407407407407,
        "InterNetX GmbH": 0.7407407407407407,
        "KEY-SYSTEMS GmbH": 60.0,
        "OVH": 5.185185185185185,
        "One.com A/S": 0.7407407407407407,
        "Realtime Register B.V.": 5.925925925925926,
        "SAS Ligne Web Services - LWS": 1.4814814814814814,
        "Sarek Oy": 1.4814814814814814,
        "TLD Registrar Solutions Ltd": 3.7037037037037037,
        "total": 100.00000000000001
    }
}