{
    "counter": {
        "AMEN / Agence des Médias Numériques": 1,
        "EPAG Domainservices GmbH": 1,
        "GRANSY s.r.o.": 2,
        "IONOS SE": 2,
        "KEY-SYSTEMS GmbH": 13,
        "OVH": 2,
        "PDR Ltd. d/b/a PublicDomainRegistry.com": 1,
        "Realtime Register B.V.": 3,
        "SCALEWAY": 1,
        "TLD Registrar Solutions Ltd": 1,
        "total": 27
    },
    "percentage": {
        "AMEN / Agence des Médias Numériques": 3.7037037037037037,
        "EPAG Domainservices GmbH": 3.7037037037037037,
        "GRANSY s.r.o.": 7.407407407407407,
        "IONOS SE": 7.407407407407407,
        "KEY-SYSTEMS GmbH": 48.148148148148145,
        "OVH": 7.407407407407407,
        "PDR Ltd. d/b/a PublicDomainRegistry.com": 3.7037037037037037,
        "Realtime Register B.V.": 11.11111111111111,
        "SCALEWAY": 3.7037037037037037,
        "TLD Registrar Solutions Ltd": 3.7037037037037037,
        "total": 100.00000000000001
    }
}