{
    "counter": {
        "1API GmbH": 1,
        "AMEN / Agence des Médias Numériques": 2,
        "Catchtiger B.V.": 1,
        "GRANSY s.r.o.": 1,
        "IONOS SE": 1,
        "KEY-SYSTEMS GmbH": 60,
        "Marcaria.com International Inc.": 1,
        "OVH": 5,
        "Realtime Register B.V.": 2,
        "SAS Ligne Web Services - LWS": 6,
        "SCALEWAY": 1,
        "Sarek Oy": 1,
        "total": 82
    },
    "percentage": {
        "1API GmbH": 1.2195121951219512,
        "AMEN / Agence des Médias Numériques": 2.4390243902439024,
        "Catchtiger B.V.": 1.2195121951219512,
        "GRANSY s.r.o.": 1.2195121951219512,
        "IONOS SE": 1.2195121951219512,
        "KEY-SYSTEMS GmbH": 73.17073170731707,
        "Marcaria.com International Inc.": 1.2195121951219512,
        "OVH": 6.097560975609756,
        "Realtime Register B.V.": 2.4390243902439024,
        "SAS Ligne Web Services - LWS": 7.317073170731708,
        "SCALEWAY": 1.2195121951219512,
        "Sarek Oy": 1.2195121951219512,
        "total": 99.99999999999999
    }
}