{
    "counter": {
        "1API GmbH": 1,
        "AMEN / Agence des Médias Numériques": 1,
        "EURODNS S.A.": 1,
        "GANDI": 2,
        "GRANSY s.r.o.": 4,
        "Hosting Concepts B.V. d/b/a Openprovider": 2,
        "IONOS SE": 2,
        "KEY-SYSTEMS GmbH": 31,
        "OVH": 6,
        "PDR Ltd. d/b/a PublicDomainRegistry.com": 6,
        "Realtime Register B.V.": 7,
        "SAS Ligne Web Services - LWS": 1,
        "SCALEWAY": 2,
        "TLD Registrar Solutions Ltd": 4,
        "total": 70
    },
    "percentage": {
        "1API GmbH": 1.4285714285714286,
        "AMEN / Agence des Médias Numériques": 1.4285714285714286,
        "EURODNS S.A.": 1.4285714285714286,
        "GANDI": 2.857142857142857,
        "GRANSY s.r.o.": 5.714285714285714,
        "Hosting Concepts B.V. d/b/a Openprovider": 2.857142857142857,
        "IONOS SE": 2.857142857142857,
        "KEY-SYSTEMS GmbH": 44.285714285714285,
        "OVH": 8.571428571428571,
        "PDR Ltd. d/b/a PublicDomainRegistry.com": 8.571428571428571,
        "Realtime Register B.V.": 10.0,
        "SAS Ligne Web Services - LWS": 1.4285714285714286,
        "SCALEWAY": 2.857142857142857,
        "TLD Registrar Solutions Ltd": 5.714285714285714,
        "total": 100.0
    }
}