{
    "counter": {
        "1API GmbH": 1,
        "AMEN / Agence des Médias Numériques": 1,
        "EURODNS S.A.": 1,
        "GRANSY s.r.o.": 3,
        "Hosting Concepts B.V. d/b/a Openprovider": 2,
        "IONOS SE": 5,
        "KEY-SYSTEMS GmbH": 24,
        "OVH": 5,
        "One.com A/S": 1,
        "Realtime Register B.V.": 3,
        "SAS Ligne Web Services - LWS": 2,
        "SCALEWAY": 1,
        "TLD Registrar Solutions Ltd": 4,
        "Vautron Rechenzentrum AG": 1,
        "total": 54
    },
    "percentage": {
        "1API GmbH": 1.8518518518518519,
        "AMEN / Agence des Médias Numériques": 1.8518518518518519,
        "EURODNS S.A.": 1.8518518518518519,
        "GRANSY s.r.o.": 5.555555555555555,
        "Hosting Concepts B.V. d/b/a Openprovider": 3.7037037037037037,
        "IONOS SE": 9.25925925925926,
        "KEY-SYSTEMS GmbH": 44.44444444444444,
        "OVH": 9.25925925925926,
        "One.com A/S": 1.8518518518518519,
        "Realtime Register B.V.": 5.555555555555555,
        "SAS Ligne Web Services - LWS": 3.7037037037037037,
        "SCALEWAY": 1.8518518518518519,
        "TLD Registrar Solutions Ltd": 7.407407407407407,
        "Vautron Rechenzentrum AG": 1.8518518518518519,
        "total": 99.99999999999999
    }
}