{
    "counter": {
        "1API GmbH": 1,
        "GANDI": 2,
        "GRANSY s.r.o.": 1,
        "KEY-SYSTEMS GmbH": 7,
        "PDR Ltd. d/b/a PublicDomainRegistry.com": 4,
        "Realtime Register B.V.": 2,
        "SCALEWAY": 1,
        "total": 18
    },
    "percentage": {
        "1API GmbH": 5.555555555555555,
        "GANDI": 11.11111111111111,
        "GRANSY s.r.o.": 5.555555555555555,
        "KEY-SYSTEMS GmbH": 38.888888888888886,
        "PDR Ltd. d/b/a PublicDomainRegistry.com": 22.22222222222222,
        "Realtime Register B.V.": 11.11111111111111,
        "SCALEWAY": 5.555555555555555,
        "total": 100.0
    }
}