{
    "counter": {
        "1API GmbH": 2,
        "AMEN / Agence des Médias Numériques": 7,
        "GANDI": 2,
        "GRANSY s.r.o.": 5,
        "Groupe PulseHeberg": 1,
        "Hosting Concepts B.V. d/b/a Openprovider": 12,
        "IONOS SE": 3,
        "Infomaniak Network SA": 4,
        "InterNetX GmbH": 1,
        "KEY-SYSTEMS GmbH": 102,
        "Metaregistrar BV": 1,
        "OVH": 10,
        "One.com A/S": 1,
        "Realtime Register B.V.": 11,
        "SAS Ligne Web Services - LWS": 2,
        "Sarek Oy": 3,
        "TLD Registrar Solutions Ltd": 5,
        "total": 172
    },
    "percentage": {
        "1API GmbH": 1.1627906976744187,
        "AMEN / Agence des Médias Numériques": 4.069767441860465,
        "GANDI": 1.1627906976744187,
        "GRANSY s.r.o.": 2.9069767441860463,
        "Groupe PulseHeberg": 0.5813953488372093,
        "Hosting Concepts B.V. d/b/a Openprovider": 6.976744186046512,
        "IONOS SE": 1.744186046511628,
        "Infomaniak Network SA": 2.3255813953488373,
        "InterNetX GmbH": 0.5813953488372093,
        "KEY-SYSTEMS GmbH": 59.30232558139535,
        "Metaregistrar BV": 0.5813953488372093,
        "OVH": 5.813953488372093,
        "One.com A/S": 0.5813953488372093,
        "Realtime Register B.V.": 6.395348837209302,
        "SAS Ligne Web Services - LWS": 1.1627906976744187,
        "Sarek Oy": 1.744186046511628,
        "TLD Registrar Solutions Ltd": 2.9069767441860463,
        "total": 100.0
    }
}