{
    "counter": {
        "1API GmbH": 2,
        "AMEN / Agence des Médias Numériques": 7,
        "GANDI": 2,
        "GRANSY s.r.o.": 5,
        "Groupe PulseHeberg": 1,
        "Hosting Concepts B.V. d/b/a Openprovider": 12,
        "IONOS SE": 3,
        "Infomaniak Network SA": 4,
        "InterNetX GmbH": 1,
        "KEY-SYSTEMS GmbH": 100,
        "Metaregistrar BV": 1,
        "OVH": 10,
        "One.com A/S": 1,
        "Realtime Register B.V.": 11,
        "SAS Ligne Web Services - LWS": 2,
        "Sarek Oy": 3,
        "TLD Registrar Solutions Ltd": 5,
        "total": 170
    },
    "percentage": {
        "1API GmbH": 1.1764705882352942,
        "AMEN / Agence des Médias Numériques": 4.117647058823529,
        "GANDI": 1.1764705882352942,
        "GRANSY s.r.o.": 2.9411764705882355,
        "Groupe PulseHeberg": 0.5882352941176471,
        "Hosting Concepts B.V. d/b/a Openprovider": 7.0588235294117645,
        "IONOS SE": 1.7647058823529411,
        "Infomaniak Network SA": 2.3529411764705883,
        "InterNetX GmbH": 0.5882352941176471,
        "KEY-SYSTEMS GmbH": 58.8235294117647,
        "Metaregistrar BV": 0.5882352941176471,
        "OVH": 5.882352941176471,
        "One.com A/S": 0.5882352941176471,
        "Realtime Register B.V.": 6.470588235294118,
        "SAS Ligne Web Services - LWS": 1.1764705882352942,
        "Sarek Oy": 1.7647058823529411,
        "TLD Registrar Solutions Ltd": 2.9411764705882355,
        "total": 100.0
    }
}