{
    "counter": {
        "1API GmbH": 1,
        "AMEN / Agence des Médias Numériques": 4,
        "EPAG Domainservices GmbH": 1,
        "FRENCH CONNEXION": 2,
        "GANDI": 2,
        "GRANSY s.r.o.": 1,
        "Hosting Concepts B.V. d/b/a Openprovider": 3,
        "IONOS SE": 4,
        "KEY-SYSTEMS GmbH": 46,
        "Metaregistrar BV": 1,
        "NETIM": 1,
        "OVH": 9,
        "One.com A/S": 2,
        "PDR Ltd. d/b/a PublicDomainRegistry.com": 1,
        "Realtime Register B.V.": 5,
        "SAS Ligne Web Services - LWS": 5,
        "SCALEWAY": 1,
        "Sarek Oy": 1,
        "TLD Registrar Solutions Ltd": 4,
        "total": 94
    },
    "percentage": {
        "1API GmbH": 1.0638297872340425,
        "AMEN / Agence des Médias Numériques": 4.25531914893617,
        "EPAG Domainservices GmbH": 1.0638297872340425,
        "FRENCH CONNEXION": 2.127659574468085,
        "GANDI": 2.127659574468085,
        "GRANSY s.r.o.": 1.0638297872340425,
        "Hosting Concepts B.V. d/b/a Openprovider": 3.1914893617021276,
        "IONOS SE": 4.25531914893617,
        "KEY-SYSTEMS GmbH": 48.93617021276596,
        "Metaregistrar BV": 1.0638297872340425,
        "NETIM": 1.0638297872340425,
        "OVH": 9.574468085106384,
        "One.com A/S": 2.127659574468085,
        "PDR Ltd. d/b/a PublicDomainRegistry.com": 1.0638297872340425,
        "Realtime Register B.V.": 5.319148936170213,
        "SAS Ligne Web Services - LWS": 5.319148936170213,
        "SCALEWAY": 1.0638297872340425,
        "Sarek Oy": 1.0638297872340425,
        "TLD Registrar Solutions Ltd": 4.25531914893617,
        "total": 99.99999999999999
    }
}