{
    "counter": {
        "1API GmbH": 1,
        "AMEN / Agence des Médias Numériques": 1,
        "EURODNS S.A.": 1,
        "GRANSY s.r.o.": 3,
        "Hosting Concepts B.V. d/b/a Openprovider": 2,
        "IONOS SE": 3,
        "KEY-SYSTEMS GmbH": 13,
        "OVH": 4,
        "One.com A/S": 1,
        "Realtime Register B.V.": 2,
        "TLD Registrar Solutions Ltd": 1,
        "Vautron Rechenzentrum AG": 1,
        "total": 33
    },
    "percentage": {
        "1API GmbH": 3.0303030303030303,
        "AMEN / Agence des Médias Numériques": 3.0303030303030303,
        "EURODNS S.A.": 3.0303030303030303,
        "GRANSY s.r.o.": 9.090909090909092,
        "Hosting Concepts B.V. d/b/a Openprovider": 6.0606060606060606,
        "IONOS SE": 9.090909090909092,
        "KEY-SYSTEMS GmbH": 39.39393939393939,
        "OVH": 12.121212121212121,
        "One.com A/S": 3.0303030303030303,
        "Realtime Register B.V.": 6.0606060606060606,
        "TLD Registrar Solutions Ltd": 3.0303030303030303,
        "Vautron Rechenzentrum AG": 3.0303030303030303,
        "total": 100.0
    }
}