{
    "counter": {
        "1API GmbH": 2,
        "Catchtiger B.V.": 1,
        "FEELB": 1,
        "GANDI": 1,
        "GRANSY s.r.o.": 1,
        "Hosting Concepts B.V. d/b/a Openprovider": 51,
        "IONOS SE": 1,
        "Infomaniak Network SA": 2,
        "KEY-SYSTEMS GmbH": 25,
        "Name.com LLC": 1,
        "OVH": 3,
        "One.com A/S": 4,
        "Realtime Register B.V.": 7,
        "SAS Ligne Web Services - LWS": 2,
        "Sarek Oy": 1,
        "total": 103
    },
    "percentage": {
        "1API GmbH": 1.941747572815534,
        "Catchtiger B.V.": 0.970873786407767,
        "FEELB": 0.970873786407767,
        "GANDI": 0.970873786407767,
        "GRANSY s.r.o.": 0.970873786407767,
        "Hosting Concepts B.V. d/b/a Openprovider": 49.51456310679612,
        "IONOS SE": 0.970873786407767,
        "Infomaniak Network SA": 1.941747572815534,
        "KEY-SYSTEMS GmbH": 24.271844660194176,
        "Name.com LLC": 0.970873786407767,
        "OVH": 2.912621359223301,
        "One.com A/S": 3.883495145631068,
        "Realtime Register B.V.": 6.796116504854369,
        "SAS Ligne Web Services - LWS": 1.941747572815534,
        "Sarek Oy": 0.970873786407767,
        "total": 100.0
    }
}