{
    "counter": {
        "IONOS SE": 1,
        "KEY-SYSTEMS GmbH": 5,
        "total": 6
    },
    "percentage": {
        "IONOS SE": 16.666666666666668,
        "KEY-SYSTEMS GmbH": 83.33333333333333,
        "total": 100.0
    }
}