{
    "counter": {
        "1API GmbH": 1,
        "AMEN / Agence des Médias Numériques": 1,
        "EPAG Domainservices GmbH": 1,
        "GANDI": 1,
        "GRANSY s.r.o.": 2,
        "Hosting Concepts B.V. d/b/a Openprovider": 1,
        "IONOS SE": 1,
        "InterNetX GmbH": 1,
        "KEY-SYSTEMS GmbH": 24,
        "OVH": 2,
        "Realtime Register B.V.": 6,
        "SCALEWAY": 1,
        "TLD Registrar Solutions Ltd": 1,
        "total": 43
    },
    "percentage": {
        "1API GmbH": 2.3255813953488373,
        "AMEN / Agence des Médias Numériques": 2.3255813953488373,
        "EPAG Domainservices GmbH": 2.3255813953488373,
        "GANDI": 2.3255813953488373,
        "GRANSY s.r.o.": 4.651162790697675,
        "Hosting Concepts B.V. d/b/a Openprovider": 2.3255813953488373,
        "IONOS SE": 2.3255813953488373,
        "InterNetX GmbH": 2.3255813953488373,
        "KEY-SYSTEMS GmbH": 55.81395348837209,
        "OVH": 4.651162790697675,
        "Realtime Register B.V.": 13.953488372093023,
        "SCALEWAY": 2.3255813953488373,
        "TLD Registrar Solutions Ltd": 2.3255813953488373,
        "total": 99.99999999999999
    }
}