{
    "counter": {
        "1API GmbH": 2,
        "AMEN / Agence des Médias Numériques": 2,
        "EPAG Domainservices GmbH": 3,
        "GRANSY s.r.o.": 4,
        "Hosting Concepts B.V. d/b/a Openprovider": 2,
        "IONOS SE": 4,
        "KEY-SYSTEMS GmbH": 68,
        "Metaregistrar BV": 1,
        "Name.com LLC": 1,
        "OVH": 16,
        "One.com A/S": 1,
        "Realtime Register B.V.": 5,
        "SAS Ligne Web Services - LWS": 22,
        "SCALEWAY": 1,
        "Sarek Oy": 1,
        "TLD Registrar Solutions Ltd": 9,
        "total": 142
    },
    "percentage": {
        "1API GmbH": 1.408450704225352,
        "AMEN / Agence des Médias Numériques": 1.408450704225352,
        "EPAG Domainservices GmbH": 2.112676056338028,
        "GRANSY s.r.o.": 2.816901408450704,
        "Hosting Concepts B.V. d/b/a Openprovider": 1.408450704225352,
        "IONOS SE": 2.816901408450704,
        "KEY-SYSTEMS GmbH": 47.88732394366197,
        "Metaregistrar BV": 0.704225352112676,
        "Name.com LLC": 0.704225352112676,
        "OVH": 11.267605633802816,
        "One.com A/S": 0.704225352112676,
        "Realtime Register B.V.": 3.5211267605633805,
        "SAS Ligne Web Services - LWS": 15.492957746478874,
        "SCALEWAY": 0.704225352112676,
        "Sarek Oy": 0.704225352112676,
        "TLD Registrar Solutions Ltd": 6.338028169014085,
        "total": 99.99999999999997
    }
}