{
    "counter": {
        "1API GmbH": 1,
        "AMEN / Agence des Médias Numériques": 1,
        "EURODNS S.A.": 1,
        "GRANSY s.r.o.": 3,
        "Hosting Concepts B.V. d/b/a Openprovider": 3,
        "IONOS SE": 6,
        "KEY-SYSTEMS GmbH": 27,
        "OVH": 8,
        "One.com A/S": 1,
        "Realtime Register B.V.": 8,
        "TLD Registrar Solutions Ltd": 3,
        "Vautron Rechenzentrum AG": 1,
        "total": 63
    },
    "percentage": {
        "1API GmbH": 1.5873015873015872,
        "AMEN / Agence des Médias Numériques": 1.5873015873015872,
        "EURODNS S.A.": 1.5873015873015872,
        "GRANSY s.r.o.": 4.761904761904762,
        "Hosting Concepts B.V. d/b/a Openprovider": 4.761904761904762,
        "IONOS SE": 9.523809523809524,
        "KEY-SYSTEMS GmbH": 42.857142857142854,
        "OVH": 12.698412698412698,
        "One.com A/S": 1.5873015873015872,
        "Realtime Register B.V.": 12.698412698412698,
        "TLD Registrar Solutions Ltd": 4.761904761904762,
        "Vautron Rechenzentrum AG": 1.5873015873015872,
        "total": 99.99999999999997
    }
}