{
    "counter": {
        "1API GmbH": 3,
        "ALGORITHMEDIA srl": 1,
        "AMEN / Agence des Médias Numériques": 4,
        "EPAG Domainservices GmbH": 1,
        "GANDI": 11,
        "GRANSY s.r.o.": 17,
        "Hosting Concepts B.V. d/b/a Openprovider": 6,
        "IKOULA NET": 1,
        "IONOS SE": 5,
        "Infomaniak Network SA": 1,
        "KEY-SYSTEMS GmbH": 65,
        "NETIM": 2,
        "Name.com LLC": 2,
        "OVH": 21,
        "READY UP": 1,
        "Realtime Register B.V.": 7,
        "SAS Ligne Web Services - LWS": 6,
        "SCALEWAY": 1,
        "Sarek Oy": 1,
        "TLD Registrar Solutions Ltd": 8,
        "total": 164
    },
    "percentage": {
        "1API GmbH": 1.829268292682927,
        "ALGORITHMEDIA srl": 0.6097560975609756,
        "AMEN / Agence des Médias Numériques": 2.4390243902439024,
        "EPAG Domainservices GmbH": 0.6097560975609756,
        "GANDI": 6.7073170731707314,
        "GRANSY s.r.o.": 10.365853658536585,
        "Hosting Concepts B.V. d/b/a Openprovider": 3.658536585365854,
        "IKOULA NET": 0.6097560975609756,
        "IONOS SE": 3.048780487804878,
        "Infomaniak Network SA": 0.6097560975609756,
        "KEY-SYSTEMS GmbH": 39.63414634146341,
        "NETIM": 1.2195121951219512,
        "Name.com LLC": 1.2195121951219512,
        "OVH": 12.804878048780488,
        "READY UP": 0.6097560975609756,
        "Realtime Register B.V.": 4.2682926829268295,
        "SAS Ligne Web Services - LWS": 3.658536585365854,
        "SCALEWAY": 0.6097560975609756,
        "Sarek Oy": 0.6097560975609756,
        "TLD Registrar Solutions Ltd": 4.878048780487805,
        "total": 100.0
    }
}