{
    "counter": {
        "1API GmbH": 2,
        "AMEN / Agence des Médias Numériques": 4,
        "GANDI": 2,
        "GRANSY s.r.o.": 5,
        "Groupe PulseHeberg": 1,
        "Hosting Concepts B.V. d/b/a Openprovider": 12,
        "IONOS SE": 3,
        "Infomaniak Network SA": 4,
        "InterNetX GmbH": 1,
        "KEY-SYSTEMS GmbH": 92,
        "Metaregistrar BV": 1,
        "OVH": 10,
        "One.com A/S": 1,
        "Realtime Register B.V.": 11,
        "SAS Ligne Web Services - LWS": 2,
        "Sarek Oy": 3,
        "TLD Registrar Solutions Ltd": 4,
        "total": 158
    },
    "percentage": {
        "1API GmbH": 1.2658227848101267,
        "AMEN / Agence des Médias Numériques": 2.5316455696202533,
        "GANDI": 1.2658227848101267,
        "GRANSY s.r.o.": 3.1645569620253164,
        "Groupe PulseHeberg": 0.6329113924050633,
        "Hosting Concepts B.V. d/b/a Openprovider": 7.594936708860759,
        "IONOS SE": 1.8987341772151898,
        "Infomaniak Network SA": 2.5316455696202533,
        "InterNetX GmbH": 0.6329113924050633,
        "KEY-SYSTEMS GmbH": 58.22784810126582,
        "Metaregistrar BV": 0.6329113924050633,
        "OVH": 6.329113924050633,
        "One.com A/S": 0.6329113924050633,
        "Realtime Register B.V.": 6.962025316455696,
        "SAS Ligne Web Services - LWS": 1.2658227848101267,
        "Sarek Oy": 1.8987341772151898,
        "TLD Registrar Solutions Ltd": 2.5316455696202533,
        "total": 100.0
    }
}