{
    "counter": {
        "FRENCH CONNEXION": 1,
        "IONOS SE": 1,
        "KEY-SYSTEMS GmbH": 4,
        "Marcaria.com International Inc.": 1,
        "Realtime Register B.V.": 5,
        "SCALEWAY": 1,
        "total": 13
    },
    "percentage": {
        "FRENCH CONNEXION": 7.6923076923076925,
        "IONOS SE": 7.6923076923076925,
        "KEY-SYSTEMS GmbH": 30.76923076923077,
        "Marcaria.com International Inc.": 7.6923076923076925,
        "Realtime Register B.V.": 38.46153846153846,
        "SCALEWAY": 7.6923076923076925,
        "total": 100.0
    }
}