{
    "counter": {
        "1API GmbH": 1,
        "AMEN / Agence des Médias Numériques": 4,
        "EPAG Domainservices GmbH": 1,
        "FRENCH CONNEXION": 2,
        "GANDI": 2,
        "GRANSY s.r.o.": 1,
        "Hosting Concepts B.V. d/b/a Openprovider": 3,
        "IONOS SE": 4,
        "KEY-SYSTEMS GmbH": 45,
        "Metaregistrar BV": 1,
        "NETIM": 1,
        "OVH": 7,
        "One.com A/S": 2,
        "PDR Ltd. d/b/a PublicDomainRegistry.com": 1,
        "Realtime Register B.V.": 5,
        "SAS Ligne Web Services - LWS": 4,
        "SCALEWAY": 1,
        "Sarek Oy": 1,
        "TLD Registrar Solutions Ltd": 4,
        "total": 90
    },
    "percentage": {
        "1API GmbH": 1.1111111111111112,
        "AMEN / Agence des Médias Numériques": 4.444444444444445,
        "EPAG Domainservices GmbH": 1.1111111111111112,
        "FRENCH CONNEXION": 2.2222222222222223,
        "GANDI": 2.2222222222222223,
        "GRANSY s.r.o.": 1.1111111111111112,
        "Hosting Concepts B.V. d/b/a Openprovider": 3.3333333333333335,
        "IONOS SE": 4.444444444444445,
        "KEY-SYSTEMS GmbH": 50.0,
        "Metaregistrar BV": 1.1111111111111112,
        "NETIM": 1.1111111111111112,
        "OVH": 7.777777777777778,
        "One.com A/S": 2.2222222222222223,
        "PDR Ltd. d/b/a PublicDomainRegistry.com": 1.1111111111111112,
        "Realtime Register B.V.": 5.555555555555555,
        "SAS Ligne Web Services - LWS": 4.444444444444445,
        "SCALEWAY": 1.1111111111111112,
        "Sarek Oy": 1.1111111111111112,
        "TLD Registrar Solutions Ltd": 4.444444444444445,
        "total": 100.00000000000001
    }
}