{
    "counter": {
        "1API GmbH": 2,
        "IONOS SE": 1,
        "KEY-SYSTEMS GmbH": 10,
        "OVH": 1,
        "PDR Ltd. d/b/a PublicDomainRegistry.com": 1,
        "Realtime Register B.V.": 2,
        "total": 17
    },
    "percentage": {
        "1API GmbH": 11.764705882352942,
        "IONOS SE": 5.882352941176471,
        "KEY-SYSTEMS GmbH": 58.8235294117647,
        "OVH": 5.882352941176471,
        "PDR Ltd. d/b/a PublicDomainRegistry.com": 5.882352941176471,
        "Realtime Register B.V.": 11.764705882352942,
        "total": 99.99999999999999
    }
}