{
    "counter": {
        "Hosting Concepts B.V. d/b/a Openprovider": 2,
        "IONOS SE": 1,
        "KEY-SYSTEMS GmbH": 42,
        "OVH": 1,
        "Realtime Register B.V.": 3,
        "SAS Ligne Web Services - LWS": 7,
        "TLD Registrar Solutions Ltd": 1,
        "total": 57
    },
    "percentage": {
        "Hosting Concepts B.V. d/b/a Openprovider": 3.508771929824561,
        "IONOS SE": 1.7543859649122806,
        "KEY-SYSTEMS GmbH": 73.6842105263158,
        "OVH": 1.7543859649122806,
        "Realtime Register B.V.": 5.2631578947368425,
        "SAS Ligne Web Services - LWS": 12.280701754385966,
        "TLD Registrar Solutions Ltd": 1.7543859649122806,
        "total": 100.0
    }
}