{
    "counter": {
        "AMEN / Agence des Médias Numériques": 1,
        "KEY-SYSTEMS GmbH": 4,
        "SAS Ligne Web Services - LWS": 1,
        "total": 6
    },
    "percentage": {
        "AMEN / Agence des Médias Numériques": 16.666666666666668,
        "KEY-SYSTEMS GmbH": 66.66666666666667,
        "SAS Ligne Web Services - LWS": 16.666666666666668,
        "total": 100.00000000000001
    }
}