{
    "counter": {
        "1API GmbH": 1,
        "FEELB": 1,
        "GRANSY s.r.o.": 1,
        "IONOS SE": 1,
        "Infomaniak Network SA": 2,
        "KEY-SYSTEMS GmbH": 13,
        "OVH": 3,
        "One.com A/S": 4,
        "Realtime Register B.V.": 4,
        "SAS Ligne Web Services - LWS": 1,
        "total": 31
    },
    "percentage": {
        "1API GmbH": 3.225806451612903,
        "FEELB": 3.225806451612903,
        "GRANSY s.r.o.": 3.225806451612903,
        "IONOS SE": 3.225806451612903,
        "Infomaniak Network SA": 6.451612903225806,
        "KEY-SYSTEMS GmbH": 41.935483870967744,
        "OVH": 9.67741935483871,
        "One.com A/S": 12.903225806451612,
        "Realtime Register B.V.": 12.903225806451612,
        "SAS Ligne Web Services - LWS": 3.225806451612903,
        "total": 100.0
    }
}