{
    "counter": {
        "1API GmbH": 1,
        "KEY-SYSTEMS GmbH": 5,
        "OVH": 1,
        "total": 7
    },
    "percentage": {
        "1API GmbH": 14.285714285714286,
        "KEY-SYSTEMS GmbH": 71.42857142857143,
        "OVH": 14.285714285714286,
        "total": 100.00000000000001
    }
}