{
    "counter": {
        "1API GmbH": 1,
        "EPAG Domainservices GmbH": 1,
        "GRANSY s.r.o.": 4,
        "Hosting Concepts B.V. d/b/a Openprovider": 2,
        "IONOS SE": 5,
        "InterNetX GmbH": 1,
        "KEY-SYSTEMS GmbH": 68,
        "Metaregistrar BV": 1,
        "Name.com LLC": 1,
        "OVH": 5,
        "One.com A/S": 1,
        "Realtime Register B.V.": 2,
        "SAS Ligne Web Services - LWS": 43,
        "SCALEWAY": 4,
        "Sarek Oy": 1,
        "TLD Registrar Solutions Ltd": 6,
        "total": 146
    },
    "percentage": {
        "1API GmbH": 0.684931506849315,
        "EPAG Domainservices GmbH": 0.684931506849315,
        "GRANSY s.r.o.": 2.73972602739726,
        "Hosting Concepts B.V. d/b/a Openprovider": 1.36986301369863,
        "IONOS SE": 3.4246575342465753,
        "InterNetX GmbH": 0.684931506849315,
        "KEY-SYSTEMS GmbH": 46.57534246575342,
        "Metaregistrar BV": 0.684931506849315,
        "Name.com LLC": 0.684931506849315,
        "OVH": 3.4246575342465753,
        "One.com A/S": 0.684931506849315,
        "Realtime Register B.V.": 1.36986301369863,
        "SAS Ligne Web Services - LWS": 29.45205479452055,
        "SCALEWAY": 2.73972602739726,
        "Sarek Oy": 0.684931506849315,
        "TLD Registrar Solutions Ltd": 4.109589041095891,
        "total": 99.99999999999999
    }
}