{
    "counter": {
        "1API GmbH": 1,
        "AMEN / Agence des Médias Numériques": 1,
        "EURODNS S.A.": 1,
        "GRANSY s.r.o.": 4,
        "Hosting Concepts B.V. d/b/a Openprovider": 4,
        "IONOS SE": 9,
        "KEY-SYSTEMS GmbH": 57,
        "NETIM": 2,
        "OVH": 13,
        "One.com A/S": 3,
        "Realtime Register B.V.": 9,
        "SAS Ligne Web Services - LWS": 4,
        "SCALEWAY": 2,
        "TLD Registrar Solutions Ltd": 7,
        "Vautron Rechenzentrum AG": 1,
        "total": 118
    },
    "percentage": {
        "1API GmbH": 0.847457627118644,
        "AMEN / Agence des Médias Numériques": 0.847457627118644,
        "EURODNS S.A.": 0.847457627118644,
        "GRANSY s.r.o.": 3.389830508474576,
        "Hosting Concepts B.V. d/b/a Openprovider": 3.389830508474576,
        "IONOS SE": 7.627118644067797,
        "KEY-SYSTEMS GmbH": 48.30508474576271,
        "NETIM": 1.694915254237288,
        "OVH": 11.016949152542374,
        "One.com A/S": 2.542372881355932,
        "Realtime Register B.V.": 7.627118644067797,
        "SAS Ligne Web Services - LWS": 3.389830508474576,
        "SCALEWAY": 1.694915254237288,
        "TLD Registrar Solutions Ltd": 5.932203389830509,
        "Vautron Rechenzentrum AG": 0.847457627118644,
        "total": 100.0
    }
}