{
    "counter": {
        "1API GmbH": 1,
        "AMEN / Agence des Médias Numériques": 3,
        "Hosting Concepts B.V. d/b/a Openprovider": 6,
        "IONOS SE": 5,
        "KEY-SYSTEMS GmbH": 71,
        "Metaregistrar BV": 1,
        "NAMEBAY": 1,
        "Name.com LLC": 1,
        "OVH": 7,
        "One.com A/S": 1,
        "PDR Ltd. d/b/a PublicDomainRegistry.com": 5,
        "Realtime Register B.V.": 9,
        "SCALEWAY": 1,
        "Sarek Oy": 2,
        "TLD Registrar Solutions Ltd": 6,
        "total": 120
    },
    "percentage": {
        "1API GmbH": 0.8333333333333334,
        "AMEN / Agence des Médias Numériques": 2.5,
        "Hosting Concepts B.V. d/b/a Openprovider": 5.0,
        "IONOS SE": 4.166666666666667,
        "KEY-SYSTEMS GmbH": 59.166666666666664,
        "Metaregistrar BV": 0.8333333333333334,
        "NAMEBAY": 0.8333333333333334,
        "Name.com LLC": 0.8333333333333334,
        "OVH": 5.833333333333333,
        "One.com A/S": 0.8333333333333334,
        "PDR Ltd. d/b/a PublicDomainRegistry.com": 4.166666666666667,
        "Realtime Register B.V.": 7.5,
        "SCALEWAY": 0.8333333333333334,
        "Sarek Oy": 1.6666666666666667,
        "TLD Registrar Solutions Ltd": 5.0,
        "total": 99.99999999999997
    }
}