{
    "counter": {
        "1API GmbH": 1,
        "AMEN / Agence des Médias Numériques": 1,
        "EURODNS S.A.": 1,
        "GANDI": 2,
        "GRANSY s.r.o.": 4,
        "Hosting Concepts B.V. d/b/a Openprovider": 2,
        "IONOS SE": 2,
        "KEY-SYSTEMS GmbH": 25,
        "OVH": 6,
        "PDR Ltd. d/b/a PublicDomainRegistry.com": 6,
        "Realtime Register B.V.": 5,
        "SAS Ligne Web Services - LWS": 1,
        "SCALEWAY": 2,
        "TLD Registrar Solutions Ltd": 4,
        "total": 62
    },
    "percentage": {
        "1API GmbH": 1.6129032258064515,
        "AMEN / Agence des Médias Numériques": 1.6129032258064515,
        "EURODNS S.A.": 1.6129032258064515,
        "GANDI": 3.225806451612903,
        "GRANSY s.r.o.": 6.451612903225806,
        "Hosting Concepts B.V. d/b/a Openprovider": 3.225806451612903,
        "IONOS SE": 3.225806451612903,
        "KEY-SYSTEMS GmbH": 40.32258064516129,
        "OVH": 9.67741935483871,
        "PDR Ltd. d/b/a PublicDomainRegistry.com": 9.67741935483871,
        "Realtime Register B.V.": 8.064516129032258,
        "SAS Ligne Web Services - LWS": 1.6129032258064515,
        "SCALEWAY": 3.225806451612903,
        "TLD Registrar Solutions Ltd": 6.451612903225806,
        "total": 99.99999999999997
    }
}