{
    "counter": {
        "1API GmbH": 3,
        "ALGORITHMEDIA srl": 1,
        "AMEN / Agence des Médias Numériques": 4,
        "EPAG Domainservices GmbH": 1,
        "GANDI": 97,
        "GRANSY s.r.o.": 20,
        "GoDaddy.com LLC": 3,
        "Hosting Concepts B.V. d/b/a Openprovider": 8,
        "IKOULA NET": 1,
        "IONOS SE": 5,
        "Infomaniak Network SA": 1,
        "KEY-SYSTEMS GmbH": 89,
        "NETIM": 2,
        "Name.com LLC": 2,
        "OVH": 21,
        "READY UP": 1,
        "Realtime Register B.V.": 7,
        "SAS Ligne Web Services - LWS": 6,
        "SCALEWAY": 1,
        "Sarek Oy": 1,
        "TLD Registrar Solutions Ltd": 9,
        "total": 283
    },
    "percentage": {
        "1API GmbH": 1.0600706713780919,
        "ALGORITHMEDIA srl": 0.35335689045936397,
        "AMEN / Agence des Médias Numériques": 1.4134275618374559,
        "EPAG Domainservices GmbH": 0.35335689045936397,
        "GANDI": 34.275618374558306,
        "GRANSY s.r.o.": 7.067137809187279,
        "GoDaddy.com LLC": 1.0600706713780919,
        "Hosting Concepts B.V. d/b/a Openprovider": 2.8268551236749118,
        "IKOULA NET": 0.35335689045936397,
        "IONOS SE": 1.7667844522968197,
        "Infomaniak Network SA": 0.35335689045936397,
        "KEY-SYSTEMS GmbH": 31.448763250883392,
        "NETIM": 0.7067137809187279,
        "Name.com LLC": 0.7067137809187279,
        "OVH": 7.420494699646643,
        "READY UP": 0.35335689045936397,
        "Realtime Register B.V.": 2.4734982332155475,
        "SAS Ligne Web Services - LWS": 2.1201413427561837,
        "SCALEWAY": 0.35335689045936397,
        "Sarek Oy": 0.35335689045936397,
        "TLD Registrar Solutions Ltd": 3.1802120141342756,
        "total": 100.00000000000001
    }
}