{
    "counter": {
        "1API GmbH": 71,
        "AMEN / Agence des Médias Numériques": 13,
        "COM LAUDE (NOM IQ LIMITED)": 2,
        "Combell NV": 2,
        "EPAG Domainservices GmbH": 3,
        "FEELB": 1,
        "GANDI": 343,
        "GRANSY s.r.o.": 392,
        "GoDaddy.com LLC": 9,
        "Groupe PulseHeberg": 1,
        "Hosting Concepts B.V. d/b/a Openprovider": 100,
        "IONOS SE": 30,
        "Infomaniak Network SA": 1,
        "InterNetX GmbH": 6,
        "KEY-SYSTEMS GmbH": 551,
        "Metaregistrar BV": 2,
        "NETIM": 3,
        "Name.com LLC": 14,
        "OVH": 14,
        "One.com A/S": 3,
        "PDR Ltd. d/b/a PublicDomainRegistry.com": 1,
        "PLANETHOSTER": 1,
        "Realtime Register B.V.": 12,
        "Registry Operations": 4,
        "SAS Ligne Web Services - LWS": 17,
        "SCALEWAY": 6,
        "SONEXO B.V": 1,
        "Sarek Oy": 2,
        "TLD Registrar Solutions Ltd": 15,
        "Uniregistrar Corp": 1,
        "total": 1621
    },
    "percentage": {
        "1API GmbH": 4.380012338062924,
        "AMEN / Agence des Médias Numériques": 0.8019740900678594,
        "COM LAUDE (NOM IQ LIMITED)": 0.12338062924120913,
        "Combell NV": 0.12338062924120913,
        "EPAG Domainservices GmbH": 0.1850709438618137,
        "FEELB": 0.061690314620604564,
        "GANDI": 21.159777914867366,
        "GRANSY s.r.o.": 24.18260333127699,
        "GoDaddy.com LLC": 0.5552128315854411,
        "Groupe PulseHeberg": 0.061690314620604564,
        "Hosting Concepts B.V. d/b/a Openprovider": 6.169031462060457,
        "IONOS SE": 1.8507094386181369,
        "Infomaniak Network SA": 0.061690314620604564,
        "InterNetX GmbH": 0.3701418877236274,
        "KEY-SYSTEMS GmbH": 33.99136335595311,
        "Metaregistrar BV": 0.12338062924120913,
        "NETIM": 0.1850709438618137,
        "Name.com LLC": 0.863664404688464,
        "OVH": 0.863664404688464,
        "One.com A/S": 0.1850709438618137,
        "PDR Ltd. d/b/a PublicDomainRegistry.com": 0.061690314620604564,
        "PLANETHOSTER": 0.061690314620604564,
        "Realtime Register B.V.": 0.7402837754472548,
        "Registry Operations": 0.24676125848241826,
        "SAS Ligne Web Services - LWS": 1.0487353485502775,
        "SCALEWAY": 0.3701418877236274,
        "SONEXO B.V": 0.061690314620604564,
        "Sarek Oy": 0.12338062924120913,
        "TLD Registrar Solutions Ltd": 0.9253547193090684,
        "Uniregistrar Corp": 0.061690314620604564,
        "total": 100.00000000000004
    }
}