{
    "counter": {
        "AMEN / Agence des Médias Numériques": 2,
        "GRANSY s.r.o.": 1,
        "Hosting Concepts B.V. d/b/a Openprovider": 1,
        "IONOS SE": 2,
        "KEY-SYSTEMS GmbH": 20,
        "Metaregistrar BV": 1,
        "Name.com LLC": 1,
        "PDR Ltd. d/b/a PublicDomainRegistry.com": 1,
        "SAS Ligne Web Services - LWS": 1,
        "Sarek Oy": 1,
        "total": 31
    },
    "percentage": {
        "AMEN / Agence des Médias Numériques": 6.451612903225806,
        "GRANSY s.r.o.": 3.225806451612903,
        "Hosting Concepts B.V. d/b/a Openprovider": 3.225806451612903,
        "IONOS SE": 6.451612903225806,
        "KEY-SYSTEMS GmbH": 64.51612903225806,
        "Metaregistrar BV": 3.225806451612903,
        "Name.com LLC": 3.225806451612903,
        "PDR Ltd. d/b/a PublicDomainRegistry.com": 3.225806451612903,
        "SAS Ligne Web Services - LWS": 3.225806451612903,
        "Sarek Oy": 3.225806451612903,
        "total": 99.99999999999996
    }
}