{
    "counter": {
        "Combell NV": 1,
        "EPAG Domainservices GmbH": 1,
        "GRANSY s.r.o.": 1,
        "IONOS SE": 1,
        "KEY-SYSTEMS GmbH": 11,
        "One.com A/S": 1,
        "PDR Ltd. d/b/a PublicDomainRegistry.com": 1,
        "Realtime Register B.V.": 3,
        "TLD Registrar Solutions Ltd": 2,
        "total": 22
    },
    "percentage": {
        "Combell NV": 4.545454545454546,
        "EPAG Domainservices GmbH": 4.545454545454546,
        "GRANSY s.r.o.": 4.545454545454546,
        "IONOS SE": 4.545454545454546,
        "KEY-SYSTEMS GmbH": 50.0,
        "One.com A/S": 4.545454545454546,
        "PDR Ltd. d/b/a PublicDomainRegistry.com": 4.545454545454546,
        "Realtime Register B.V.": 13.636363636363637,
        "TLD Registrar Solutions Ltd": 9.090909090909092,
        "total": 100.00000000000001
    }
}