{
    "counter": {
        "GRANSY s.r.o.": 2,
        "IONOS SE": 1,
        "KEY-SYSTEMS GmbH": 13,
        "OVH": 1,
        "Realtime Register B.V.": 1,
        "SAS Ligne Web Services - LWS": 7,
        "TLD Registrar Solutions Ltd": 3,
        "total": 28
    },
    "percentage": {
        "GRANSY s.r.o.": 7.142857142857143,
        "IONOS SE": 3.5714285714285716,
        "KEY-SYSTEMS GmbH": 46.42857142857143,
        "OVH": 3.5714285714285716,
        "Realtime Register B.V.": 3.5714285714285716,
        "SAS Ligne Web Services - LWS": 25.0,
        "TLD Registrar Solutions Ltd": 10.714285714285714,
        "total": 100.0
    }
}