{
    "counter": {
        "AMEN / Agence des Médias Numériques": 1,
        "GRANSY s.r.o.": 3,
        "IONOS SE": 1,
        "KEY-SYSTEMS GmbH": 28,
        "Realtime Register B.V.": 3,
        "SAS Ligne Web Services - LWS": 1,
        "SONEXO B.V": 1,
        "TLD Registrar Solutions Ltd": 1,
        "total": 39
    },
    "percentage": {
        "AMEN / Agence des Médias Numériques": 2.5641025641025643,
        "GRANSY s.r.o.": 7.6923076923076925,
        "IONOS SE": 2.5641025641025643,
        "KEY-SYSTEMS GmbH": 71.7948717948718,
        "Realtime Register B.V.": 7.6923076923076925,
        "SAS Ligne Web Services - LWS": 2.5641025641025643,
        "SONEXO B.V": 2.5641025641025643,
        "TLD Registrar Solutions Ltd": 2.5641025641025643,
        "total": 100.00000000000001
    }
}