{
    "counter": {
        "GANDI": 1,
        "GRANSY s.r.o.": 1,
        "INWX GmbH": 10,
        "KEY-SYSTEMS GmbH": 29,
        "Realtime Register B.V.": 2,
        "total": 43
    },
    "percentage": {
        "GANDI": 2.3255813953488373,
        "GRANSY s.r.o.": 2.3255813953488373,
        "INWX GmbH": 23.25581395348837,
        "KEY-SYSTEMS GmbH": 67.44186046511628,
        "Realtime Register B.V.": 4.651162790697675,
        "total": 100.0
    }
}