{
    "counter": {
        "1API GmbH": 2,
        "Hosting Concepts B.V. d/b/a Openprovider": 1,
        "IONOS SE": 3,
        "Infomaniak Network SA": 1,
        "KEY-SYSTEMS GmbH": 24,
        "Name.com LLC": 1,
        "OVH": 1,
        "Realtime Register B.V.": 1,
        "SAS Ligne Web Services - LWS": 2,
        "Sarek Oy": 2,
        "total": 38
    },
    "percentage": {
        "1API GmbH": 5.2631578947368425,
        "Hosting Concepts B.V. d/b/a Openprovider": 2.6315789473684212,
        "IONOS SE": 7.894736842105263,
        "Infomaniak Network SA": 2.6315789473684212,
        "KEY-SYSTEMS GmbH": 63.1578947368421,
        "Name.com LLC": 2.6315789473684212,
        "OVH": 2.6315789473684212,
        "Realtime Register B.V.": 2.6315789473684212,
        "SAS Ligne Web Services - LWS": 5.2631578947368425,
        "Sarek Oy": 5.2631578947368425,
        "total": 100.00000000000003
    }
}