{
    "counter": {
        "1API GmbH": 1,
        "KEY-SYSTEMS GmbH": 7,
        "OVH": 1,
        "total": 9
    },
    "percentage": {
        "1API GmbH": 11.11111111111111,
        "KEY-SYSTEMS GmbH": 77.77777777777777,
        "OVH": 11.11111111111111,
        "total": 100.0
    }
}